{
	"completely_empty": false,
	"image": {
		"height": 480,
		"scale": 2.1166666666666667,
		"width": 640
	},
	"mark": [
		{
			"class_idx": 1,
			"name": "pin",
			"points": [
				{
					"int_x": 446,
					"int_y": 116,
					"x": 0.69625,
					"y": 0.24083333333333332
				},
				{
					"int_x": 468,
					"int_y": 116,
					"x": 0.73125,
					"y": 0.24083333333333332
				},
				{
					"int_x": 468,
					"int_y": 137,
					"x": 0.73125,
					"y": 0.28583333333333333
				},
				{
					"int_x": 446,
					"int_y": 137,
					"x": 0.69625,
					"y": 0.28583333333333333
				}
			],
			"rect": {
				"h": 0.04500000000000001,
				"int_h": 22,
				"int_w": 23,
				"int_x": 446,
				"int_y": 116,
				"w": 0.03499999999999992,
				"x": 0.69625,
				"y": 0.24083333333333332
			}
		},
		{
			"class_idx": 0,
			"name": "red light",
			"points": [
				{
					"int_x": 69,
					"int_y": 142,
					"x": 0.10765625000000001,
					"y": 0.295
				},
				{
					"int_x": 106,
					"int_y": 142,
					"x": 0.16546875,
					"y": 0.295
				},
				{
					"int_x": 106,
					"int_y": 174,
					"x": 0.16546875,
					"y": 0.36166666666666664
				},
				{
					"int_x": 69,
					"int_y": 174,
					"x": 0.10765625000000001,
					"y": 0.36166666666666664
				}
			],
			"rect": {
				"h": 0.06666666666666665,
				"int_h": 33,
				"int_w": 38,
				"int_x": 69,
				"int_y": 142,
				"w": 0.05781249999999999,
				"x": 0.10765625000000001,
				"y": 0.295
			}
		},
		{
			"class_idx": 2,
			"name": "center",
			"points": [
				{
					"int_x": 495,
					"int_y": 145,
					"x": 0.77265625,
					"y": 0.30145833333333333
				},
				{
					"int_x": 518,
					"int_y": 145,
					"x": 0.80859375,
					"y": 0.30145833333333333
				},
				{
					"int_x": 518,
					"int_y": 168,
					"x": 0.80859375,
					"y": 0.34937500000000005
				},
				{
					"int_x": 495,
					"int_y": 168,
					"x": 0.77265625,
					"y": 0.34937500000000005
				}
			],
			"rect": {
				"h": 0.04791666666666672,
				"int_h": 24,
				"int_w": 24,
				"int_x": 495,
				"int_y": 145,
				"w": 0.035937499999999956,
				"x": 0.77265625,
				"y": 0.30145833333333333
			}
		},
		{
			"class_idx": 3,
			"name": "small gear",
			"points": [
				{
					"int_x": 295,
					"int_y": 100,
					"x": 0.4616236162361623,
					"y": 0.20915354330708663
				},
				{
					"int_x": 408,
					"int_y": 100,
					"x": 0.6380073800738008,
					"y": 0.20915354330708663
				},
				{
					"int_x": 408,
					"int_y": 219,
					"x": 0.6380073800738008,
					"y": 0.4562007874015748
				},
				{
					"int_x": 295,
					"int_y": 219,
					"x": 0.4616236162361623,
					"y": 0.4562007874015748
				}
			],
			"rect": {
				"h": 0.2470472440944882,
				"int_h": 120,
				"int_w": 114,
				"int_x": 295,
				"int_y": 100,
				"w": 0.17638376383763843,
				"x": 0.4616236162361623,
				"y": 0.20915354330708663
			}
		},
		{
			"class_idx": 4,
			"name": "medium gear",
			"points": [
				{
					"int_x": 403,
					"int_y": 68,
					"x": 0.629889298892989,
					"y": 0.141240157480315
				},
				{
					"int_x": 590,
					"int_y": 68,
					"x": 0.9214022140221403,
					"y": 0.141240157480315
				},
				{
					"int_x": 590,
					"int_y": 254,
					"x": 0.9214022140221403,
					"y": 0.5300196850393701
				},
				{
					"int_x": 403,
					"int_y": 254,
					"x": 0.629889298892989,
					"y": 0.5300196850393701
				}
			],
			"rect": {
				"h": 0.38877952755905515,
				"int_h": 187,
				"int_w": 188,
				"int_x": 403,
				"int_y": 68,
				"w": 0.29151291512915134,
				"x": 0.629889298892989,
				"y": 0.141240157480315
			}
		}
	],
	"timestamp": 1714399751,
	"version": "1.8.26-1"
}
