{
	"completely_empty": false,
	"image": {
		"height": 480,
		"scale": 2.1166666666666667,
		"width": 640
	},
	"mark": [
		{
			"class_idx": 0,
			"name": "red light",
			"points": [
				{
					"int_x": 21,
					"int_y": 134,
					"x": 0.03359374999999999,
					"y": 0.2789583333333333
				},
				{
					"int_x": 61,
					"int_y": 134,
					"x": 0.09453125,
					"y": 0.2789583333333333
				},
				{
					"int_x": 61,
					"int_y": 169,
					"x": 0.09453125,
					"y": 0.3510416666666667
				},
				{
					"int_x": 21,
					"int_y": 169,
					"x": 0.03359374999999999,
					"y": 0.3510416666666667
				}
			],
			"rect": {
				"h": 0.07208333333333339,
				"int_h": 36,
				"int_w": 41,
				"int_x": 21,
				"int_y": 134,
				"w": 0.060937500000000006,
				"x": 0.03359374999999999,
				"y": 0.2789583333333333
			}
		},
		{
			"class_idx": 2,
			"name": "center",
			"points": [
				{
					"int_x": 450,
					"int_y": 138,
					"x": 0.7027318475916607,
					"y": 0.286673058485139
				},
				{
					"int_x": 475,
					"int_y": 138,
					"x": 0.7422717469446442,
					"y": 0.286673058485139
				},
				{
					"int_x": 475,
					"int_y": 160,
					"x": 0.7422717469446442,
					"y": 0.3326941514860978
				},
				{
					"int_x": 450,
					"int_y": 160,
					"x": 0.7027318475916607,
					"y": 0.3326941514860978
				}
			],
			"rect": {
				"h": 0.0460210930009588,
				"int_h": 23,
				"int_w": 26,
				"int_x": 450,
				"int_y": 138,
				"w": 0.03953989935298341,
				"x": 0.7027318475916607,
				"y": 0.286673058485139
			}
		},
		{
			"class_idx": 1,
			"name": "pin",
			"points": [
				{
					"int_x": 505,
					"int_y": 158,
					"x": 0.7896875,
					"y": 0.32875
				},
				{
					"int_x": 528,
					"int_y": 158,
					"x": 0.8253125,
					"y": 0.32875
				},
				{
					"int_x": 528,
					"int_y": 181,
					"x": 0.8253125,
					"y": 0.37625
				},
				{
					"int_x": 505,
					"int_y": 181,
					"x": 0.7896875,
					"y": 0.37625
				}
			],
			"rect": {
				"h": 0.04749999999999999,
				"int_h": 24,
				"int_w": 24,
				"int_x": 505,
				"int_y": 158,
				"w": 0.03562500000000002,
				"x": 0.7896875,
				"y": 0.32875
			}
		},
		{
			"class_idx": 3,
			"name": "small gear",
			"points": [
				{
					"int_x": 250,
					"int_y": 97,
					"x": 0.3907749077490775,
					"y": 0.20177165354330706
				},
				{
					"int_x": 368,
					"int_y": 97,
					"x": 0.5745387453874539,
					"y": 0.20177165354330706
				},
				{
					"int_x": 368,
					"int_y": 214,
					"x": 0.5745387453874539,
					"y": 0.44586614173228345
				},
				{
					"int_x": 250,
					"int_y": 214,
					"x": 0.3907749077490775,
					"y": 0.44586614173228345
				}
			],
			"rect": {
				"h": 0.2440944881889764,
				"int_h": 118,
				"int_w": 119,
				"int_x": 250,
				"int_y": 97,
				"w": 0.18376383763837634,
				"x": 0.3907749077490775,
				"y": 0.20177165354330706
			}
		},
		{
			"class_idx": 4,
			"name": "medium gear",
			"points": [
				{
					"int_x": 359,
					"int_y": 59,
					"x": 0.5612546125461255,
					"y": 0.12253937007874013
				},
				{
					"int_x": 549,
					"int_y": 59,
					"x": 0.8571955719557196,
					"y": 0.12253937007874013
				},
				{
					"int_x": 549,
					"int_y": 249,
					"x": 0.8571955719557196,
					"y": 0.5191929133858267
				},
				{
					"int_x": 359,
					"int_y": 249,
					"x": 0.5612546125461255,
					"y": 0.5191929133858267
				}
			],
			"rect": {
				"h": 0.3966535433070866,
				"int_h": 191,
				"int_w": 191,
				"int_x": 359,
				"int_y": 59,
				"w": 0.2959409594095941,
				"x": 0.5612546125461255,
				"y": 0.12253937007874013
			}
		}
	],
	"timestamp": 1714399689,
	"version": "1.8.26-1"
}
