{
	"completely_empty": false,
	"image": {
		"height": 480,
		"scale": 2.1166666666666667,
		"width": 640
	},
	"mark": [
		{
			"class_idx": 0,
			"name": "red light",
			"points": [
				{
					"int_x": 29,
					"int_y": 136,
					"x": 0.045,
					"y": 0.283125
				},
				{
					"int_x": 76,
					"int_y": 136,
					"x": 0.118125,
					"y": 0.283125
				},
				{
					"int_x": 76,
					"int_y": 175,
					"x": 0.118125,
					"y": 0.3652083333333333
				},
				{
					"int_x": 29,
					"int_y": 175,
					"x": 0.045,
					"y": 0.3652083333333333
				}
			],
			"rect": {
				"h": 0.08208333333333329,
				"int_h": 40,
				"int_w": 48,
				"int_x": 29,
				"int_y": 136,
				"w": 0.073125,
				"x": 0.045,
				"y": 0.283125
			}
		},
		{
			"class_idx": 1,
			"name": "pin",
			"points": [
				{
					"int_x": 437,
					"int_y": 148,
					"x": 0.68296875,
					"y": 0.30916666666666665
				},
				{
					"int_x": 464,
					"int_y": 148,
					"x": 0.72453125,
					"y": 0.30916666666666665
				},
				{
					"int_x": 464,
					"int_y": 172,
					"x": 0.72453125,
					"y": 0.3575
				},
				{
					"int_x": 437,
					"int_y": 172,
					"x": 0.68296875,
					"y": 0.3575
				}
			],
			"rect": {
				"h": 0.04833333333333334,
				"int_h": 25,
				"int_w": 28,
				"int_x": 437,
				"int_y": 148,
				"w": 0.04156249999999995,
				"x": 0.68296875,
				"y": 0.30916666666666665
			}
		},
		{
			"class_idx": 2,
			"name": "center",
			"points": [
				{
					"int_x": 504,
					"int_y": 138,
					"x": 0.7875629043853343,
					"y": 0.28811121764141895
				},
				{
					"int_x": 531,
					"int_y": 138,
					"x": 0.8299784327821711,
					"y": 0.28811121764141895
				},
				{
					"int_x": 531,
					"int_y": 165,
					"x": 0.8299784327821711,
					"y": 0.34276126558005754
				},
				{
					"int_x": 504,
					"int_y": 165,
					"x": 0.7875629043853343,
					"y": 0.34276126558005754
				}
			],
			"rect": {
				"h": 0.05465004793863859,
				"int_h": 28,
				"int_w": 28,
				"int_x": 504,
				"int_y": 138,
				"w": 0.04241552839683682,
				"x": 0.7875629043853343,
				"y": 0.28811121764141895
			}
		},
		{
			"class_idx": 3,
			"name": "small gear",
			"points": [
				{
					"int_x": 275,
					"int_y": 94,
					"x": 0.4291512915129151,
					"y": 0.1953740157480315
				},
				{
					"int_x": 408,
					"int_y": 94,
					"x": 0.6380073800738008,
					"y": 0.1953740157480315
				},
				{
					"int_x": 408,
					"int_y": 228,
					"x": 0.6380073800738008,
					"y": 0.4758858267716536
				},
				{
					"int_x": 275,
					"int_y": 228,
					"x": 0.4291512915129151,
					"y": 0.4758858267716536
				}
			],
			"rect": {
				"h": 0.2805118110236221,
				"int_h": 135,
				"int_w": 134,
				"int_x": 275,
				"int_y": 94,
				"w": 0.20885608856088567,
				"x": 0.4291512915129151,
				"y": 0.1953740157480315
			}
		},
		{
			"class_idx": 4,
			"name": "medium gear",
			"points": [
				{
					"int_x": 398,
					"int_y": 53,
					"x": 0.6225092250922509,
					"y": 0.11023622047244097
				},
				{
					"int_x": 610,
					"int_y": 53,
					"x": 0.9523985239852398,
					"y": 0.11023622047244097
				},
				{
					"int_x": 610,
					"int_y": 266,
					"x": 0.9523985239852398,
					"y": 0.5531496062992126
				},
				{
					"int_x": 398,
					"int_y": 266,
					"x": 0.6225092250922509,
					"y": 0.5531496062992126
				}
			],
			"rect": {
				"h": 0.44291338582677164,
				"int_h": 214,
				"int_w": 213,
				"int_x": 398,
				"int_y": 53,
				"w": 0.3298892988929889,
				"x": 0.6225092250922509,
				"y": 0.11023622047244097
			}
		}
	],
	"timestamp": 1714399461,
	"version": "1.8.26-1"
}
