{
	"completely_empty": false,
	"image": {
		"height": 480,
		"scale": 2.1166666666666667,
		"width": 640
	},
	"mark": [
		{
			"class_idx": 0,
			"name": "red light",
			"points": [
				{
					"int_x": 43,
					"int_y": 135,
					"x": 0.06793673616103521,
					"y": 0.28044103547459254
				},
				{
					"int_x": 91,
					"int_y": 135,
					"x": 0.1419841840402588,
					"y": 0.28044103547459254
				},
				{
					"int_x": 91,
					"int_y": 173,
					"x": 0.1419841840402588,
					"y": 0.36001917545541706
				},
				{
					"int_x": 43,
					"int_y": 173,
					"x": 0.06793673616103521,
					"y": 0.36001917545541706
				}
			],
			"rect": {
				"h": 0.07957813998082452,
				"int_h": 39,
				"int_w": 49,
				"int_x": 43,
				"int_y": 135,
				"w": 0.0740474478792236,
				"x": 0.06793673616103521,
				"y": 0.28044103547459254
			}
		},
		{
			"class_idx": 1,
			"name": "pin",
			"points": [
				{
					"int_x": 460,
					"int_y": 145,
					"x": 0.7181883537023723,
					"y": 0.30105465004793863
				},
				{
					"int_x": 485,
					"int_y": 145,
					"x": 0.7584471603163192,
					"y": 0.30105465004793863
				},
				{
					"int_x": 485,
					"int_y": 168,
					"x": 0.7584471603163192,
					"y": 0.3509108341323106
				},
				{
					"int_x": 460,
					"int_y": 168,
					"x": 0.7181883537023723,
					"y": 0.3509108341323106
				}
			],
			"rect": {
				"h": 0.04985618408437198,
				"int_h": 24,
				"int_w": 26,
				"int_x": 460,
				"int_y": 145,
				"w": 0.040258806613946874,
				"x": 0.7181883537023723,
				"y": 0.30105465004793863
			}
		},
		{
			"class_idx": 2,
			"name": "center",
			"points": [
				{
					"int_x": 531,
					"int_y": 133,
					"x": 0.8290625,
					"y": 0.27666666666666667
				},
				{
					"int_x": 558,
					"int_y": 133,
					"x": 0.8715625,
					"y": 0.27666666666666667
				},
				{
					"int_x": 558,
					"int_y": 161,
					"x": 0.8715625,
					"y": 0.3358333333333334
				},
				{
					"int_x": 531,
					"int_y": 161,
					"x": 0.8290625,
					"y": 0.3358333333333334
				}
			],
			"rect": {
				"h": 0.0591666666666667,
				"int_h": 29,
				"int_w": 28,
				"int_x": 531,
				"int_y": 133,
				"w": 0.04249999999999998,
				"x": 0.8290625,
				"y": 0.27666666666666667
			}
		},
		{
			"class_idx": 3,
			"name": "small gear",
			"points": [
				{
					"int_x": 292,
					"int_y": 89,
					"x": 0.45608856088560884,
					"y": 0.1850393700787402
				},
				{
					"int_x": 432,
					"int_y": 89,
					"x": 0.6745387453874538,
					"y": 0.1850393700787402
				},
				{
					"int_x": 432,
					"int_y": 227,
					"x": 0.6745387453874538,
					"y": 0.4724409448818898
				},
				{
					"int_x": 292,
					"int_y": 227,
					"x": 0.45608856088560884,
					"y": 0.4724409448818898
				}
			],
			"rect": {
				"h": 0.28740157480314965,
				"int_h": 139,
				"int_w": 141,
				"int_x": 292,
				"int_y": 89,
				"w": 0.218450184501845,
				"x": 0.45608856088560884,
				"y": 0.1850393700787402
			}
		},
		{
			"class_idx": 4,
			"name": "medium gear",
			"points": [
				{
					"int_x": 420,
					"int_y": 44,
					"x": 0.6568265682656826,
					"y": 0.09104330708661415
				},
				{
					"int_x": 638,
					"int_y": 44,
					"x": 0.996309963099631,
					"y": 0.09104330708661415
				},
				{
					"int_x": 638,
					"int_y": 264,
					"x": 0.996309963099631,
					"y": 0.5506889763779528
				},
				{
					"int_x": 420,
					"int_y": 264,
					"x": 0.6568265682656826,
					"y": 0.5506889763779528
				}
			],
			"rect": {
				"h": 0.45964566929133865,
				"int_h": 221,
				"int_w": 219,
				"int_x": 420,
				"int_y": 44,
				"w": 0.3394833948339484,
				"x": 0.6568265682656826,
				"y": 0.09104330708661415
			}
		}
	],
	"timestamp": 1714399309,
	"version": "1.8.26-1"
}
