{
	"completely_empty": false,
	"image": {
		"height": 480,
		"scale": 2.1166666666666667,
		"width": 640
	},
	"mark": [
		{
			"class_idx": 1,
			"name": "pin",
			"points": [
				{
					"int_x": 441,
					"int_y": 115,
					"x": 0.6883537023723939,
					"y": 0.23873441994247363
				},
				{
					"int_x": 462,
					"int_y": 115,
					"x": 0.7221423436376707,
					"y": 0.23873441994247363
				},
				{
					"int_x": 462,
					"int_y": 139,
					"x": 0.7221423436376707,
					"y": 0.2885906040268456
				},
				{
					"int_x": 441,
					"int_y": 139,
					"x": 0.6883537023723939,
					"y": 0.2885906040268456
				}
			],
			"rect": {
				"h": 0.04985618408437198,
				"int_h": 25,
				"int_w": 22,
				"int_x": 441,
				"int_y": 115,
				"w": 0.03378864126527681,
				"x": 0.6883537023723939,
				"y": 0.23873441994247363
			}
		},
		{
			"class_idx": 0,
			"name": "red light",
			"points": [
				{
					"int_x": 66,
					"int_y": 142,
					"x": 0.103882099209202,
					"y": 0.29482262703739215
				},
				{
					"int_x": 106,
					"int_y": 142,
					"x": 0.16498921639108555,
					"y": 0.29482262703739215
				},
				{
					"int_x": 106,
					"int_y": 175,
					"x": 0.16498921639108555,
					"y": 0.36481303930968356
				},
				{
					"int_x": 66,
					"int_y": 175,
					"x": 0.103882099209202,
					"y": 0.36481303930968356
				}
			],
			"rect": {
				"h": 0.06999041227229141,
				"int_h": 34,
				"int_w": 41,
				"int_x": 66,
				"int_y": 142,
				"w": 0.06110711718188355,
				"x": 0.103882099209202,
				"y": 0.29482262703739215
			}
		},
		{
			"class_idx": 2,
			"name": "center",
			"points": [
				{
					"int_x": 490,
					"int_y": 144,
					"x": 0.76625,
					"y": 0.29937499999999995
				},
				{
					"int_x": 513,
					"int_y": 144,
					"x": 0.801875,
					"y": 0.29937499999999995
				},
				{
					"int_x": 513,
					"int_y": 167,
					"x": 0.801875,
					"y": 0.34729166666666667
				},
				{
					"int_x": 490,
					"int_y": 167,
					"x": 0.76625,
					"y": 0.34729166666666667
				}
			],
			"rect": {
				"h": 0.04791666666666672,
				"int_h": 24,
				"int_w": 24,
				"int_x": 490,
				"int_y": 144,
				"w": 0.03562500000000002,
				"x": 0.76625,
				"y": 0.29937499999999995
			}
		},
		{
			"class_idx": 3,
			"name": "small gear",
			"points": [
				{
					"int_x": 294,
					"int_y": 103,
					"x": 0.45977859778597785,
					"y": 0.21456692913385828
				},
				{
					"int_x": 408,
					"int_y": 103,
					"x": 0.6369003690036901,
					"y": 0.21456692913385828
				},
				{
					"int_x": 408,
					"int_y": 220,
					"x": 0.6369003690036901,
					"y": 0.45866141732283466
				},
				{
					"int_x": 294,
					"int_y": 220,
					"x": 0.45977859778597785,
					"y": 0.45866141732283466
				}
			],
			"rect": {
				"h": 0.2440944881889764,
				"int_h": 118,
				"int_w": 115,
				"int_x": 294,
				"int_y": 103,
				"w": 0.17712177121771222,
				"x": 0.45977859778597785,
				"y": 0.21456692913385828
			}
		},
		{
			"class_idx": 4,
			"name": "medium gear",
			"points": [
				{
					"int_x": 401,
					"int_y": 66,
					"x": 0.625830258302583,
					"y": 0.13779527559055121
				},
				{
					"int_x": 588,
					"int_y": 66,
					"x": 0.9180811808118081,
					"y": 0.13779527559055121
				},
				{
					"int_x": 588,
					"int_y": 253,
					"x": 0.9180811808118081,
					"y": 0.5275590551181102
				},
				{
					"int_x": 401,
					"int_y": 253,
					"x": 0.625830258302583,
					"y": 0.5275590551181102
				}
			],
			"rect": {
				"h": 0.389763779527559,
				"int_h": 188,
				"int_w": 188,
				"int_x": 401,
				"int_y": 66,
				"w": 0.29225092250922513,
				"x": 0.625830258302583,
				"y": 0.13779527559055121
			}
		}
	],
	"timestamp": 1714399772,
	"version": "1.8.26-1"
}
