{
	"completely_empty": false,
	"image": {
		"height": 480,
		"scale": 2.1166666666666667,
		"width": 640
	},
	"mark": [
		{
			"class_idx": 0,
			"name": "red light",
			"points": [
				{
					"int_x": 21,
					"int_y": 120,
					"x": 0.03342918763479511,
					"y": 0.24976030680728667
				},
				{
					"int_x": 69,
					"int_y": 120,
					"x": 0.1074766355140187,
					"y": 0.24976030680728667
				},
				{
					"int_x": 69,
					"int_y": 163,
					"x": 0.1074766355140187,
					"y": 0.3389261744966443
				},
				{
					"int_x": 21,
					"int_y": 163,
					"x": 0.03342918763479511,
					"y": 0.3389261744966443
				}
			],
			"rect": {
				"h": 0.08916586768935764,
				"int_h": 44,
				"int_w": 49,
				"int_x": 21,
				"int_y": 120,
				"w": 0.0740474478792236,
				"x": 0.03342918763479511,
				"y": 0.24976030680728667
			}
		},
		{
			"class_idx": 2,
			"name": "center",
			"points": [
				{
					"int_x": 533,
					"int_y": 123,
					"x": 0.8328540618260244,
					"y": 0.2559923298178332
				},
				{
					"int_x": 562,
					"int_y": 123,
					"x": 0.8781452192667146,
					"y": 0.2559923298178332
				},
				{
					"int_x": 562,
					"int_y": 150,
					"x": 0.8781452192667146,
					"y": 0.31351869606903165
				},
				{
					"int_x": 533,
					"int_y": 150,
					"x": 0.8328540618260244,
					"y": 0.31351869606903165
				}
			],
			"rect": {
				"h": 0.057526366251198446,
				"int_h": 28,
				"int_w": 30,
				"int_x": 533,
				"int_y": 123,
				"w": 0.04529115744069023,
				"x": 0.8328540618260244,
				"y": 0.2559923298178332
			}
		},
		{
			"class_idx": 1,
			"name": "pin",
			"points": [
				{
					"int_x": 599,
					"int_y": 148,
					"x": 0.9363767074047448,
					"y": 0.30824544582933844
				},
				{
					"int_x": 627,
					"int_y": 148,
					"x": 0.9802300503235083,
					"y": 0.30824544582933844
				},
				{
					"int_x": 627,
					"int_y": 175,
					"x": 0.9802300503235083,
					"y": 0.36481303930968356
				},
				{
					"int_x": 599,
					"int_y": 175,
					"x": 0.9363767074047448,
					"y": 0.36481303930968356
				}
			],
			"rect": {
				"h": 0.056567593480345124,
				"int_h": 28,
				"int_w": 29,
				"int_x": 599,
				"int_y": 148,
				"w": 0.04385334291876353,
				"x": 0.9363767074047448,
				"y": 0.30824544582933844
			}
		},
		{
			"class_idx": 3,
			"name": "small gear",
			"points": [
				{
					"int_x": 291,
					"int_y": 77,
					"x": 0.45461254612546126,
					"y": 0.15994094488188978
				},
				{
					"int_x": 432,
					"int_y": 77,
					"x": 0.6745387453874538,
					"y": 0.15994094488188978
				},
				{
					"int_x": 432,
					"int_y": 217,
					"x": 0.6745387453874538,
					"y": 0.45226377952755903
				},
				{
					"int_x": 291,
					"int_y": 217,
					"x": 0.45461254612546126,
					"y": 0.45226377952755903
				}
			],
			"rect": {
				"h": 0.2923228346456692,
				"int_h": 141,
				"int_w": 142,
				"int_x": 291,
				"int_y": 77,
				"w": 0.21992619926199258,
				"x": 0.45461254612546126,
				"y": 0.15994094488188978
			}
		},
		{
			"class_idx": 4,
			"name": "medium gear",
			"points": [
				{
					"int_x": 420,
					"int_y": 34,
					"x": 0.6568265682656826,
					"y": 0.06988188976377954
				},
				{
					"int_x": 640,
					"int_y": 34,
					"x": 1.0,
					"y": 0.06988188976377954
				},
				{
					"int_x": 640,
					"int_y": 257,
					"x": 1.0,
					"y": 0.5364173228346457
				},
				{
					"int_x": 420,
					"int_y": 257,
					"x": 0.6568265682656826,
					"y": 0.5364173228346457
				}
			],
			"rect": {
				"h": 0.4665354330708662,
				"int_h": 224,
				"int_w": 220,
				"int_x": 420,
				"int_y": 34,
				"w": 0.34317343173431736,
				"x": 0.6568265682656826,
				"y": 0.06988188976377954
			}
		}
	],
	"timestamp": 1714399648,
	"version": "1.8.26-1"
}
