{
	"completely_empty": false,
	"image": {
		"height": 480,
		"scale": 2.1166666666666667,
		"width": 640
	},
	"mark": [
		{
			"class_idx": 1,
			"name": "pin",
			"points": [
				{
					"int_x": 502,
					"int_y": 77,
					"x": 0.7843278217109994,
					"y": 0.16059443911792906
				},
				{
					"int_x": 523,
					"int_y": 77,
					"x": 0.8173975557153127,
					"y": 0.16059443911792906
				},
				{
					"int_x": 523,
					"int_y": 98,
					"x": 0.8173975557153127,
					"y": 0.2037392138063279
				},
				{
					"int_x": 502,
					"int_y": 98,
					"x": 0.7843278217109994,
					"y": 0.2037392138063279
				}
			],
			"rect": {
				"h": 0.043144774688398835,
				"int_h": 22,
				"int_w": 22,
				"int_x": 502,
				"int_y": 77,
				"w": 0.033069734004313345,
				"x": 0.7843278217109994,
				"y": 0.16059443911792906
			}
		},
		{
			"class_idx": 0,
			"name": "red light",
			"points": [
				{
					"int_x": 81,
					"int_y": 137,
					"x": 0.1271875,
					"y": 0.28541666666666665
				},
				{
					"int_x": 119,
					"int_y": 137,
					"x": 0.1853125,
					"y": 0.28541666666666665
				},
				{
					"int_x": 119,
					"int_y": 172,
					"x": 0.1853125,
					"y": 0.35791666666666666
				},
				{
					"int_x": 81,
					"int_y": 172,
					"x": 0.1271875,
					"y": 0.35791666666666666
				}
			],
			"rect": {
				"h": 0.07250000000000001,
				"int_h": 36,
				"int_w": 39,
				"int_x": 81,
				"int_y": 137,
				"w": 0.05812499999999998,
				"x": 0.1271875,
				"y": 0.28541666666666665
			}
		},
		{
			"class_idx": 2,
			"name": "center",
			"points": [
				{
					"int_x": 495,
					"int_y": 135,
					"x": 0.77359375,
					"y": 0.28208333333333335
				},
				{
					"int_x": 521,
					"int_y": 135,
					"x": 0.8132812500000001,
					"y": 0.28208333333333335
				},
				{
					"int_x": 521,
					"int_y": 160,
					"x": 0.8132812500000001,
					"y": 0.33375
				},
				{
					"int_x": 495,
					"int_y": 160,
					"x": 0.77359375,
					"y": 0.33375
				}
			],
			"rect": {
				"h": 0.05166666666666664,
				"int_h": 26,
				"int_w": 27,
				"int_x": 495,
				"int_y": 135,
				"w": 0.0396875000000001,
				"x": 0.77359375,
				"y": 0.28208333333333335
			}
		},
		{
			"class_idx": 3,
			"name": "small gear",
			"points": [
				{
					"int_x": 285,
					"int_y": 96,
					"x": 0.4446494464944649,
					"y": 0.20029527559055116
				},
				{
					"int_x": 401,
					"int_y": 96,
					"x": 0.6269372693726937,
					"y": 0.20029527559055116
				},
				{
					"int_x": 401,
					"int_y": 219,
					"x": 0.6269372693726937,
					"y": 0.45521653543307083
				},
				{
					"int_x": 285,
					"int_y": 219,
					"x": 0.4446494464944649,
					"y": 0.45521653543307083
				}
			],
			"rect": {
				"h": 0.2549212598425197,
				"int_h": 124,
				"int_w": 117,
				"int_x": 285,
				"int_y": 96,
				"w": 0.18228782287822876,
				"x": 0.4446494464944649,
				"y": 0.20029527559055116
			}
		},
		{
			"class_idx": 4,
			"name": "medium gear",
			"points": [
				{
					"int_x": 400,
					"int_y": 56,
					"x": 0.6243542435424354,
					"y": 0.11712598425196849
				},
				{
					"int_x": 598,
					"int_y": 56,
					"x": 0.9343173431734317,
					"y": 0.11712598425196849
				},
				{
					"int_x": 598,
					"int_y": 254,
					"x": 0.9343173431734317,
					"y": 0.5285433070866141
				},
				{
					"int_x": 400,
					"int_y": 254,
					"x": 0.6243542435424354,
					"y": 0.5285433070866141
				}
			],
			"rect": {
				"h": 0.4114173228346456,
				"int_h": 199,
				"int_w": 199,
				"int_x": 400,
				"int_y": 56,
				"w": 0.30996309963099633,
				"x": 0.6243542435424354,
				"y": 0.11712598425196849
			}
		}
	],
	"timestamp": 1714399567,
	"version": "1.8.26-1"
}
