{
	"completely_empty": false,
	"image": {
		"height": 480,
		"scale": 2.1166666666666667,
		"width": 640
	},
	"mark": [
		{
			"class_idx": 0,
			"name": "red light",
			"points": [
				{
					"int_x": 43,
					"int_y": 135,
					"x": 0.06793673616103521,
					"y": 0.28044103547459254
				},
				{
					"int_x": 91,
					"int_y": 135,
					"x": 0.1419841840402588,
					"y": 0.28044103547459254
				},
				{
					"int_x": 91,
					"int_y": 173,
					"x": 0.1419841840402588,
					"y": 0.36001917545541706
				},
				{
					"int_x": 43,
					"int_y": 173,
					"x": 0.06793673616103521,
					"y": 0.36001917545541706
				}
			],
			"rect": {
				"h": 0.07957813998082452,
				"int_h": 39,
				"int_w": 49,
				"int_x": 43,
				"int_y": 135,
				"w": 0.0740474478792236,
				"x": 0.06793673616103521,
				"y": 0.28044103547459254
			}
		},
		{
			"class_idx": 1,
			"name": "pin",
			"points": [
				{
					"int_x": 460,
					"int_y": 145,
					"x": 0.7181883537023723,
					"y": 0.30105465004793863
				},
				{
					"int_x": 485,
					"int_y": 145,
					"x": 0.7584471603163192,
					"y": 0.30105465004793863
				},
				{
					"int_x": 485,
					"int_y": 168,
					"x": 0.7584471603163192,
					"y": 0.3509108341323106
				},
				{
					"int_x": 460,
					"int_y": 168,
					"x": 0.7181883537023723,
					"y": 0.3509108341323106
				}
			],
			"rect": {
				"h": 0.04985618408437198,
				"int_h": 24,
				"int_w": 26,
				"int_x": 460,
				"int_y": 145,
				"w": 0.040258806613946874,
				"x": 0.7181883537023723,
				"y": 0.30105465004793863
			}
		},
		{
			"class_idx": 2,
			"name": "center",
			"points": [
				{
					"int_x": 530,
					"int_y": 133,
					"x": 0.82875,
					"y": 0.27687500000000004
				},
				{
					"int_x": 558,
					"int_y": 133,
					"x": 0.8718750000000001,
					"y": 0.27687500000000004
				},
				{
					"int_x": 558,
					"int_y": 161,
					"x": 0.8718750000000001,
					"y": 0.335625
				},
				{
					"int_x": 530,
					"int_y": 161,
					"x": 0.82875,
					"y": 0.335625
				}
			],
			"rect": {
				"h": 0.05874999999999997,
				"int_h": 29,
				"int_w": 29,
				"int_x": 530,
				"int_y": 133,
				"w": 0.04312500000000008,
				"x": 0.82875,
				"y": 0.27687500000000004
			}
		},
		{
			"class_idx": 3,
			"name": "small gear",
			"points": [
				{
					"int_x": 292,
					"int_y": 88,
					"x": 0.455719557195572,
					"y": 0.18257874015748035
				},
				{
					"int_x": 429,
					"int_y": 88,
					"x": 0.670479704797048,
					"y": 0.18257874015748035
				},
				{
					"int_x": 429,
					"int_y": 228,
					"x": 0.670479704797048,
					"y": 0.47490157480314965
				},
				{
					"int_x": 292,
					"int_y": 228,
					"x": 0.455719557195572,
					"y": 0.47490157480314965
				}
			],
			"rect": {
				"h": 0.2923228346456693,
				"int_h": 141,
				"int_w": 138,
				"int_x": 292,
				"int_y": 88,
				"w": 0.214760147601476,
				"x": 0.455719557195572,
				"y": 0.18257874015748035
			}
		},
		{
			"class_idx": 4,
			"name": "medium gear",
			"points": [
				{
					"int_x": 420,
					"int_y": 45,
					"x": 0.6568265682656826,
					"y": 0.09350393700787399
				},
				{
					"int_x": 640,
					"int_y": 45,
					"x": 0.9992619926199262,
					"y": 0.09350393700787399
				},
				{
					"int_x": 640,
					"int_y": 266,
					"x": 0.9992619926199262,
					"y": 0.5541338582677166
				},
				{
					"int_x": 420,
					"int_y": 266,
					"x": 0.6568265682656826,
					"y": 0.5541338582677166
				}
			],
			"rect": {
				"h": 0.4606299212598426,
				"int_h": 222,
				"int_w": 220,
				"int_x": 420,
				"int_y": 45,
				"w": 0.34243542435424357,
				"x": 0.6568265682656826,
				"y": 0.09350393700787399
			}
		}
	],
	"timestamp": 1714399075,
	"version": "1.8.26-1"
}
