{
	"completely_empty": false,
	"image": {
		"height": 480,
		"scale": 2.1166666666666667,
		"width": 640
	},
	"mark": [
		{
			"class_idx": 0,
			"name": "red light",
			"points": [
				{
					"int_x": 26,
					"int_y": 135,
					"x": 0.0402588066139468,
					"y": 0.2813998082454458
				},
				{
					"int_x": 70,
					"int_y": 135,
					"x": 0.10927390366642703,
					"y": 0.2813998082454458
				},
				{
					"int_x": 70,
					"int_y": 175,
					"x": 0.10927390366642703,
					"y": 0.3648130393096836
				},
				{
					"int_x": 26,
					"int_y": 175,
					"x": 0.0402588066139468,
					"y": 0.3648130393096836
				}
			],
			"rect": {
				"h": 0.08341323106423781,
				"int_h": 41,
				"int_w": 45,
				"int_x": 26,
				"int_y": 135,
				"w": 0.06901509705248024,
				"x": 0.0402588066139468,
				"y": 0.2813998082454458
			}
		},
		{
			"class_idx": 1,
			"name": "pin",
			"points": [
				{
					"int_x": 434,
					"int_y": 147,
					"x": 0.677570093457944,
					"y": 0.30680728667305845
				},
				{
					"int_x": 458,
					"int_y": 147,
					"x": 0.7156721782890006,
					"y": 0.30680728667305845
				},
				{
					"int_x": 458,
					"int_y": 173,
					"x": 0.7156721782890006,
					"y": 0.3604985618408437
				},
				{
					"int_x": 434,
					"int_y": 173,
					"x": 0.677570093457944,
					"y": 0.3604985618408437
				}
			],
			"rect": {
				"h": 0.05369127516778527,
				"int_h": 27,
				"int_w": 25,
				"int_x": 434,
				"int_y": 147,
				"w": 0.038102084831056704,
				"x": 0.677570093457944,
				"y": 0.30680728667305845
			}
		},
		{
			"class_idx": 2,
			"name": "center",
			"points": [
				{
					"int_x": 500,
					"int_y": 139,
					"x": 0.7814521926671459,
					"y": 0.28906999041227227
				},
				{
					"int_x": 528,
					"int_y": 139,
					"x": 0.824586628324946,
					"y": 0.28906999041227227
				},
				{
					"int_x": 528,
					"int_y": 165,
					"x": 0.824586628324946,
					"y": 0.34372003835091086
				},
				{
					"int_x": 500,
					"int_y": 165,
					"x": 0.7814521926671459,
					"y": 0.34372003835091086
				}
			],
			"rect": {
				"h": 0.05465004793863859,
				"int_h": 27,
				"int_w": 29,
				"int_x": 500,
				"int_y": 139,
				"w": 0.04313443565780006,
				"x": 0.7814521926671459,
				"y": 0.28906999041227227
			}
		},
		{
			"class_idx": 3,
			"name": "small gear",
			"points": [
				{
					"int_x": 272,
					"int_y": 94,
					"x": 0.4247232472324723,
					"y": 0.19488188976377954
				},
				{
					"int_x": 405,
					"int_y": 94,
					"x": 0.6321033210332103,
					"y": 0.19488188976377954
				},
				{
					"int_x": 405,
					"int_y": 231,
					"x": 0.6321033210332103,
					"y": 0.4803149606299213
				},
				{
					"int_x": 272,
					"int_y": 231,
					"x": 0.4247232472324723,
					"y": 0.4803149606299213
				}
			],
			"rect": {
				"h": 0.2854330708661418,
				"int_h": 138,
				"int_w": 134,
				"int_x": 272,
				"int_y": 94,
				"w": 0.20738007380073803,
				"x": 0.4247232472324723,
				"y": 0.19488188976377954
			}
		},
		{
			"class_idx": 4,
			"name": "medium gear",
			"points": [
				{
					"int_x": 396,
					"int_y": 54,
					"x": 0.6180811808118081,
					"y": 0.11269685039370081
				},
				{
					"int_x": 605,
					"int_y": 54,
					"x": 0.9450184501845018,
					"y": 0.11269685039370081
				},
				{
					"int_x": 605,
					"int_y": 265,
					"x": 0.9450184501845018,
					"y": 0.5526574803149606
				},
				{
					"int_x": 396,
					"int_y": 265,
					"x": 0.6180811808118081,
					"y": 0.5526574803149606
				}
			],
			"rect": {
				"h": 0.43996062992125984,
				"int_h": 212,
				"int_w": 210,
				"int_x": 396,
				"int_y": 54,
				"w": 0.32693726937269374,
				"x": 0.6180811808118081,
				"y": 0.11269685039370081
			}
		}
	],
	"timestamp": 1714399437,
	"version": "1.8.26-1"
}
