{
	"completely_empty": false,
	"image": {
		"height": 480,
		"scale": 2.1166666666666667,
		"width": 640
	},
	"mark": [
		{
			"class_idx": 0,
			"name": "red light",
			"points": [
				{
					"int_x": 96,
					"int_y": 136,
					"x": 0.15046875,
					"y": 0.2835416666666667
				},
				{
					"int_x": 137,
					"int_y": 136,
					"x": 0.21328125,
					"y": 0.2835416666666667
				},
				{
					"int_x": 137,
					"int_y": 174,
					"x": 0.21328125,
					"y": 0.3614583333333333
				},
				{
					"int_x": 96,
					"int_y": 174,
					"x": 0.15046875,
					"y": 0.3614583333333333
				}
			],
			"rect": {
				"h": 0.07791666666666663,
				"int_h": 39,
				"int_w": 42,
				"int_x": 96,
				"int_y": 136,
				"w": 0.0628125,
				"x": 0.15046875,
				"y": 0.2835416666666667
			}
		},
		{
			"class_idx": 1,
			"name": "pin",
			"points": [
				{
					"int_x": 485,
					"int_y": 155,
					"x": 0.7578125,
					"y": 0.32249999999999995
				},
				{
					"int_x": 506,
					"int_y": 155,
					"x": 0.7903125,
					"y": 0.32249999999999995
				},
				{
					"int_x": 506,
					"int_y": 176,
					"x": 0.7903125,
					"y": 0.3675
				},
				{
					"int_x": 485,
					"int_y": 176,
					"x": 0.7578125,
					"y": 0.3675
				}
			],
			"rect": {
				"h": 0.04500000000000004,
				"int_h": 22,
				"int_w": 22,
				"int_x": 485,
				"int_y": 155,
				"w": 0.03249999999999997,
				"x": 0.7578125,
				"y": 0.32249999999999995
			}
		},
		{
			"class_idx": 2,
			"name": "center",
			"points": [
				{
					"int_x": 547,
					"int_y": 139,
					"x": 0.8540625,
					"y": 0.2885416666666667
				},
				{
					"int_x": 573,
					"int_y": 139,
					"x": 0.8953125,
					"y": 0.2885416666666667
				},
				{
					"int_x": 573,
					"int_y": 165,
					"x": 0.8953125,
					"y": 0.343125
				},
				{
					"int_x": 547,
					"int_y": 165,
					"x": 0.8540625,
					"y": 0.343125
				}
			],
			"rect": {
				"h": 0.05458333333333332,
				"int_h": 27,
				"int_w": 27,
				"int_x": 547,
				"int_y": 139,
				"w": 0.04125000000000001,
				"x": 0.8540625,
				"y": 0.2885416666666667
			}
		},
		{
			"class_idx": 3,
			"name": "small gear",
			"points": [
				{
					"int_x": 327,
					"int_y": 95,
					"x": 0.5107011070110701,
					"y": 0.19734251968503935
				},
				{
					"int_x": 444,
					"int_y": 95,
					"x": 0.6937269372693726,
					"y": 0.19734251968503935
				},
				{
					"int_x": 444,
					"int_y": 219,
					"x": 0.6937269372693726,
					"y": 0.45620078740157477
				},
				{
					"int_x": 327,
					"int_y": 219,
					"x": 0.5107011070110701,
					"y": 0.45620078740157477
				}
			],
			"rect": {
				"h": 0.2588582677165354,
				"int_h": 125,
				"int_w": 118,
				"int_x": 327,
				"int_y": 95,
				"w": 0.18302583025830255,
				"x": 0.5107011070110701,
				"y": 0.19734251968503935
			}
		},
		{
			"class_idx": 4,
			"name": "medium gear",
			"points": [
				{
					"int_x": 443,
					"int_y": 56,
					"x": 0.692619926199262,
					"y": 0.11712598425196849
				},
				{
					"int_x": 640,
					"int_y": 56,
					"x": 1.0,
					"y": 0.11712598425196849
				},
				{
					"int_x": 640,
					"int_y": 258,
					"x": 1.0,
					"y": 0.5383858267716535
				},
				{
					"int_x": 443,
					"int_y": 258,
					"x": 0.692619926199262,
					"y": 0.5383858267716535
				}
			],
			"rect": {
				"h": 0.42125984251968496,
				"int_h": 203,
				"int_w": 197,
				"int_x": 443,
				"int_y": 56,
				"w": 0.30738007380073795,
				"x": 0.692619926199262,
				"y": 0.11712598425196849
			}
		}
	],
	"timestamp": 1714399611,
	"version": "1.8.26-1"
}
