{
	"completely_empty": false,
	"image": {
		"height": 480,
		"scale": 2.1166666666666667,
		"width": 640
	},
	"mark": [
		{
			"class_idx": 0,
			"name": "red light",
			"points": [
				{
					"int_x": 98,
					"int_y": 143,
					"x": 0.15296875,
					"y": 0.29791666666666666
				},
				{
					"int_x": 132,
					"int_y": 143,
					"x": 0.20640625,
					"y": 0.29791666666666666
				},
				{
					"int_x": 132,
					"int_y": 175,
					"x": 0.20640625,
					"y": 0.3645833333333333
				},
				{
					"int_x": 98,
					"int_y": 175,
					"x": 0.15296875,
					"y": 0.3645833333333333
				}
			],
			"rect": {
				"h": 0.06666666666666665,
				"int_h": 33,
				"int_w": 35,
				"int_x": 98,
				"int_y": 143,
				"w": 0.05343750000000003,
				"x": 0.15296875,
				"y": 0.29791666666666666
			}
		},
		{
			"class_idx": 2,
			"name": "center",
			"points": [
				{
					"int_x": 494,
					"int_y": 140,
					"x": 0.77140625,
					"y": 0.29229166666666667
				},
				{
					"int_x": 518,
					"int_y": 140,
					"x": 0.80921875,
					"y": 0.29229166666666667
				},
				{
					"int_x": 518,
					"int_y": 163,
					"x": 0.80921875,
					"y": 0.3385416666666667
				},
				{
					"int_x": 494,
					"int_y": 163,
					"x": 0.77140625,
					"y": 0.3385416666666667
				}
			],
			"rect": {
				"h": 0.04625000000000001,
				"int_h": 24,
				"int_w": 25,
				"int_x": 494,
				"int_y": 140,
				"w": 0.03781250000000003,
				"x": 0.77140625,
				"y": 0.29229166666666667
			}
		},
		{
			"class_idx": 1,
			"name": "pin",
			"points": [
				{
					"int_x": 542,
					"int_y": 176,
					"x": 0.84703125,
					"y": 0.36604166666666665
				},
				{
					"int_x": 564,
					"int_y": 176,
					"x": 0.88046875,
					"y": 0.36604166666666665
				},
				{
					"int_x": 564,
					"int_y": 198,
					"x": 0.88046875,
					"y": 0.4114583333333333
				},
				{
					"int_x": 542,
					"int_y": 198,
					"x": 0.84703125,
					"y": 0.4114583333333333
				}
			],
			"rect": {
				"h": 0.04541666666666666,
				"int_h": 23,
				"int_w": 23,
				"int_x": 542,
				"int_y": 176,
				"w": 0.03343750000000001,
				"x": 0.84703125,
				"y": 0.36604166666666665
			}
		},
		{
			"class_idx": 3,
			"name": "small gear",
			"points": [
				{
					"int_x": 297,
					"int_y": 103,
					"x": 0.46420664206642065,
					"y": 0.21456692913385828
				},
				{
					"int_x": 408,
					"int_y": 103,
					"x": 0.6369003690036901,
					"y": 0.21456692913385828
				},
				{
					"int_x": 408,
					"int_y": 218,
					"x": 0.6369003690036901,
					"y": 0.4547244094488189
				},
				{
					"int_x": 297,
					"int_y": 218,
					"x": 0.46420664206642065,
					"y": 0.4547244094488189
				}
			],
			"rect": {
				"h": 0.24015748031496065,
				"int_h": 116,
				"int_w": 112,
				"int_x": 297,
				"int_y": 103,
				"w": 0.17269372693726942,
				"x": 0.46420664206642065,
				"y": 0.21456692913385828
			}
		},
		{
			"class_idx": 4,
			"name": "medium gear",
			"points": [
				{
					"int_x": 402,
					"int_y": 66,
					"x": 0.6284132841328414,
					"y": 0.13681102362204728
				},
				{
					"int_x": 591,
					"int_y": 66,
					"x": 0.9228782287822879,
					"y": 0.13681102362204728
				},
				{
					"int_x": 591,
					"int_y": 252,
					"x": 0.9228782287822879,
					"y": 0.5246062992125984
				},
				{
					"int_x": 402,
					"int_y": 252,
					"x": 0.6284132841328414,
					"y": 0.5246062992125984
				}
			],
			"rect": {
				"h": 0.3877952755905511,
				"int_h": 187,
				"int_w": 190,
				"int_x": 402,
				"int_y": 66,
				"w": 0.2944649446494465,
				"x": 0.6284132841328414,
				"y": 0.13681102362204728
			}
		}
	],
	"timestamp": 1714399792,
	"version": "1.8.26-1"
}
