{
	"completely_empty": false,
	"image": {
		"height": 480,
		"scale": 2.1166666666666667,
		"width": 640
	},
	"mark": [
		{
			"class_idx": 2,
			"name": "center",
			"points": [
				{
					"int_x": 527,
					"int_y": 127,
					"x": 0.8237500000000001,
					"y": 0.26416666666666666
				},
				{
					"int_x": 553,
					"int_y": 127,
					"x": 0.864375,
					"y": 0.26416666666666666
				},
				{
					"int_x": 553,
					"int_y": 154,
					"x": 0.864375,
					"y": 0.31999999999999995
				},
				{
					"int_x": 527,
					"int_y": 154,
					"x": 0.8237500000000001,
					"y": 0.31999999999999995
				}
			],
			"rect": {
				"h": 0.05583333333333329,
				"int_h": 28,
				"int_w": 27,
				"int_x": 527,
				"int_y": 127,
				"w": 0.04062499999999991,
				"x": 0.8237500000000001,
				"y": 0.26416666666666666
			}
		},
		{
			"class_idx": 0,
			"name": "red light",
			"points": [
				{
					"int_x": 49,
					"int_y": 128,
					"x": 0.07656362329259525,
					"y": 0.26701821668264625
				},
				{
					"int_x": 92,
					"int_y": 128,
					"x": 0.1434219985621855,
					"y": 0.26701821668264625
				},
				{
					"int_x": 92,
					"int_y": 165,
					"x": 0.1434219985621855,
					"y": 0.34467881112176413
				},
				{
					"int_x": 49,
					"int_y": 165,
					"x": 0.07656362329259525,
					"y": 0.34467881112176413
				}
			],
			"rect": {
				"h": 0.07766059443911788,
				"int_h": 38,
				"int_w": 44,
				"int_x": 49,
				"int_y": 128,
				"w": 0.06685837526959024,
				"x": 0.07656362329259525,
				"y": 0.26701821668264625
			}
		},
		{
			"class_idx": 1,
			"name": "pin",
			"points": [
				{
					"int_x": 500,
					"int_y": 194,
					"x": 0.7815624999999999,
					"y": 0.40354166666666663
				},
				{
					"int_x": 523,
					"int_y": 194,
					"x": 0.8171875,
					"y": 0.40354166666666663
				},
				{
					"int_x": 523,
					"int_y": 217,
					"x": 0.8171875,
					"y": 0.45145833333333335
				},
				{
					"int_x": 500,
					"int_y": 217,
					"x": 0.7815624999999999,
					"y": 0.45145833333333335
				}
			],
			"rect": {
				"h": 0.04791666666666672,
				"int_h": 24,
				"int_w": 24,
				"int_x": 500,
				"int_y": 194,
				"w": 0.03562500000000002,
				"x": 0.7815624999999999,
				"y": 0.40354166666666663
			}
		},
		{
			"class_idx": 3,
			"name": "small gear",
			"points": [
				{
					"int_x": 289,
					"int_y": 80,
					"x": 0.45202952029520294,
					"y": 0.1658464566929134
				},
				{
					"int_x": 425,
					"int_y": 80,
					"x": 0.6638376383763838,
					"y": 0.1658464566929134
				},
				{
					"int_x": 425,
					"int_y": 218,
					"x": 0.6638376383763838,
					"y": 0.4542322834645669
				},
				{
					"int_x": 289,
					"int_y": 218,
					"x": 0.45202952029520294,
					"y": 0.4542322834645669
				}
			],
			"rect": {
				"h": 0.2883858267716535,
				"int_h": 139,
				"int_w": 137,
				"int_x": 289,
				"int_y": 80,
				"w": 0.21180811808118083,
				"x": 0.45202952029520294,
				"y": 0.1658464566929134
			}
		},
		{
			"class_idx": 4,
			"name": "medium gear",
			"points": [
				{
					"int_x": 414,
					"int_y": 37,
					"x": 0.6468634686346864,
					"y": 0.07726377952755906
				},
				{
					"int_x": 640,
					"int_y": 37,
					"x": 1.0,
					"y": 0.07726377952755906
				},
				{
					"int_x": 640,
					"int_y": 260,
					"x": 1.0,
					"y": 0.5408464566929134
				},
				{
					"int_x": 414,
					"int_y": 260,
					"x": 0.6468634686346864,
					"y": 0.5408464566929134
				}
			],
			"rect": {
				"h": 0.4635826771653544,
				"int_h": 224,
				"int_w": 226,
				"int_x": 414,
				"int_y": 37,
				"w": 0.35313653136531364,
				"x": 0.6468634686346864,
				"y": 0.07726377952755906
			}
		}
	],
	"timestamp": 1714399631,
	"version": "1.8.26-1"
}
