{
	"completely_empty": false,
	"image": {
		"height": 480,
		"scale": 2.1729166666666666,
		"width": 640
	},
	"mark": [
		{
			"class_idx": 4,
			"name": "medium gear",
			"points": [
				{
					"int_x": 418,
					"int_y": 52,
					"x": 0.6527677929547089,
					"y": 0.1093000958772771
				},
				{
					"int_x": 638,
					"int_y": 52,
					"x": 0.9964054636951833,
					"y": 0.1093000958772771
				},
				{
					"int_x": 638,
					"int_y": 270,
					"x": 0.9964054636951833,
					"y": 0.5618408437200384
				},
				{
					"int_x": 418,
					"int_y": 270,
					"x": 0.6527677929547089,
					"y": 0.5618408437200384
				}
			],
			"rect": {
				"h": 0.4525407478427613,
				"int_h": 219,
				"int_w": 221,
				"int_x": 418,
				"int_y": 52,
				"w": 0.34363767074047447,
				"x": 0.6527677929547089,
				"y": 0.1093000958772771
			}
		},
		{
			"class_idx": 2,
			"name": "center",
			"points": [
				{
					"int_x": 527,
					"int_y": 139,
					"x": 0.8238677210639828,
					"y": 0.28906999041227227
				},
				{
					"int_x": 558,
					"int_y": 139,
					"x": 0.8713156002875629,
					"y": 0.28906999041227227
				},
				{
					"int_x": 558,
					"int_y": 167,
					"x": 0.8713156002875629,
					"y": 0.34755512943432404
				},
				{
					"int_x": 527,
					"int_y": 167,
					"x": 0.8238677210639828,
					"y": 0.34755512943432404
				}
			],
			"rect": {
				"h": 0.05848513902205177,
				"int_h": 29,
				"int_w": 32,
				"int_x": 527,
				"int_y": 139,
				"w": 0.04744787922358018,
				"x": 0.8238677210639828,
				"y": 0.28906999041227227
			}
		}
	],
	"timestamp": 1716411751,
	"version": "1.8.23-1"
}
