{
	"completely_empty": false,
	"image": {
		"height": 480,
		"scale": 2.1729166666666666,
		"width": 640
	},
	"mark": [
		{
			"class_idx": 3,
			"name": "small gear",
			"points": [
				{
					"int_x": 237,
					"int_y": 78,
					"x": 0.3705966930265996,
					"y": 0.16251198465963565
				},
				{
					"int_x": 381,
					"int_y": 78,
					"x": 0.5956146657081236,
					"y": 0.16251198465963565
				},
				{
					"int_x": 381,
					"int_y": 221,
					"x": 0.5956146657081236,
					"y": 0.46069031639501434
				},
				{
					"int_x": 237,
					"int_y": 221,
					"x": 0.3705966930265996,
					"y": 0.46069031639501434
				}
			],
			"rect": {
				"h": 0.29817833173537867,
				"int_h": 144,
				"int_w": 145,
				"int_x": 237,
				"int_y": 78,
				"w": 0.22501797268152401,
				"x": 0.3705966930265996,
				"y": 0.16251198465963565
			}
		},
		{
			"class_idx": 4,
			"name": "medium gear",
			"points": [
				{
					"int_x": 371,
					"int_y": 29,
					"x": 0.5794392523364487,
					"y": 0.060882070949185046
				},
				{
					"int_x": 605,
					"int_y": 29,
					"x": 0.9460819554277498,
					"y": 0.060882070949185046
				},
				{
					"int_x": 605,
					"int_y": 261,
					"x": 0.9460819554277498,
					"y": 0.5431447746883988
				},
				{
					"int_x": 371,
					"int_y": 261,
					"x": 0.5794392523364487,
					"y": 0.5431447746883988
				}
			],
			"rect": {
				"h": 0.48226270373921376,
				"int_h": 233,
				"int_w": 235,
				"int_x": 371,
				"int_y": 29,
				"w": 0.3666427030913011,
				"x": 0.5794392523364487,
				"y": 0.060882070949185046
			}
		},
		{
			"class_idx": 2,
			"name": "center",
			"points": [
				{
					"int_x": 482,
					"int_y": 119,
					"x": 0.7530553558590942,
					"y": 0.2488015340364334
				},
				{
					"int_x": 512,
					"int_y": 119,
					"x": 0.7997843278217109,
					"y": 0.2488015340364334
				},
				{
					"int_x": 512,
					"int_y": 150,
					"x": 0.7997843278217109,
					"y": 0.313039309683605
				},
				{
					"int_x": 482,
					"int_y": 150,
					"x": 0.7530553558590942,
					"y": 0.313039309683605
				}
			],
			"rect": {
				"h": 0.06423777564717159,
				"int_h": 32,
				"int_w": 31,
				"int_x": 482,
				"int_y": 119,
				"w": 0.04672897196261672,
				"x": 0.7530553558590942,
				"y": 0.2488015340364334
			}
		},
		{
			"class_idx": 1,
			"name": "pin",
			"points": [
				{
					"int_x": 427,
					"int_y": 172,
					"x": 0.667864845434939,
					"y": 0.3585810162991371
				},
				{
					"int_x": 455,
					"int_y": 172,
					"x": 0.710999281092739,
					"y": 0.3585810162991371
				},
				{
					"int_x": 455,
					"int_y": 202,
					"x": 0.710999281092739,
					"y": 0.4199424736337488
				},
				{
					"int_x": 427,
					"int_y": 202,
					"x": 0.667864845434939,
					"y": 0.4199424736337488
				}
			],
			"rect": {
				"h": 0.061361457334611735,
				"int_h": 31,
				"int_w": 29,
				"int_x": 427,
				"int_y": 172,
				"w": 0.04313443565780006,
				"x": 0.667864845434939,
				"y": 0.3585810162991371
			}
		}
	],
	"timestamp": 1716411814,
	"version": "1.8.23-1"
}
