{
	"completely_empty": false,
	"image": {
		"height": 480,
		"scale": 2.1729166666666666,
		"width": 640
	},
	"mark": [
		{
			"class_idx": 4,
			"name": "medium gear",
			"points": [
				{
					"int_x": 419,
					"int_y": 59,
					"x": 0.6545650611071171,
					"y": 0.12320230105465008
				},
				{
					"int_x": 632,
					"int_y": 59,
					"x": 0.9874191229331416,
					"y": 0.12320230105465008
				},
				{
					"int_x": 632,
					"int_y": 270,
					"x": 0.9874191229331416,
					"y": 0.5632790028763184
				},
				{
					"int_x": 419,
					"int_y": 270,
					"x": 0.6545650611071171,
					"y": 0.5632790028763184
				}
			],
			"rect": {
				"h": 0.4400767018216683,
				"int_h": 212,
				"int_w": 214,
				"int_x": 419,
				"int_y": 59,
				"w": 0.3328540618260245,
				"x": 0.6545650611071171,
				"y": 0.12320230105465008
			}
		},
		{
			"class_idx": 2,
			"name": "center",
			"points": [
				{
					"int_x": 528,
					"int_y": 142,
					"x": 0.8245866283249461,
					"y": 0.29578139980824547
				},
				{
					"int_x": 555,
					"int_y": 142,
					"x": 0.8677210639827462,
					"y": 0.29578139980824547
				},
				{
					"int_x": 555,
					"int_y": 169,
					"x": 0.8677210639827462,
					"y": 0.3523489932885906
				},
				{
					"int_x": 528,
					"int_y": 169,
					"x": 0.8245866283249461,
					"y": 0.3523489932885906
				}
			],
			"rect": {
				"h": 0.056567593480345124,
				"int_h": 28,
				"int_w": 28,
				"int_x": 528,
				"int_y": 142,
				"w": 0.04313443565780006,
				"x": 0.8245866283249461,
				"y": 0.29578139980824547
			}
		}
	],
	"timestamp": 1716411668,
	"version": "1.8.23-1"
}
