{
	"completely_empty": false,
	"image": {
		"height": 480,
		"scale": 2.1729166666666666,
		"width": 640
	},
	"mark": [
		{
			"class_idx": 0,
			"name": "red light",
			"points": [
				{
					"int_x": 85,
					"int_y": 138,
					"x": 0.13299784327821712,
					"y": 0.28811121764141895
				},
				{
					"int_x": 124,
					"int_y": 138,
					"x": 0.19338605319913732,
					"y": 0.28811121764141895
				},
				{
					"int_x": 124,
					"int_y": 175,
					"x": 0.19338605319913732,
					"y": 0.3638542665388303
				},
				{
					"int_x": 85,
					"int_y": 175,
					"x": 0.13299784327821712,
					"y": 0.3638542665388303
				}
			],
			"rect": {
				"h": 0.07574304889741135,
				"int_h": 38,
				"int_w": 40,
				"int_x": 85,
				"int_y": 138,
				"w": 0.0603882099209202,
				"x": 0.13299784327821712,
				"y": 0.28811121764141895
			}
		},
		{
			"class_idx": 3,
			"name": "small gear",
			"points": [
				{
					"int_x": 287,
					"int_y": 96,
					"x": 0.4485981308411215,
					"y": 0.20086289549376796
				},
				{
					"int_x": 409,
					"int_y": 96,
					"x": 0.6398274622573688,
					"y": 0.20086289549376796
				},
				{
					"int_x": 409,
					"int_y": 220,
					"x": 0.6398274622573688,
					"y": 0.45877277085330775
				},
				{
					"int_x": 287,
					"int_y": 220,
					"x": 0.4485981308411215,
					"y": 0.45877277085330775
				}
			],
			"rect": {
				"h": 0.2579098753595398,
				"int_h": 125,
				"int_w": 123,
				"int_x": 287,
				"int_y": 96,
				"w": 0.19122933141624726,
				"x": 0.4485981308411215,
				"y": 0.20086289549376796
			}
		},
		{
			"class_idx": 4,
			"name": "medium gear",
			"points": [
				{
					"int_x": 407,
					"int_y": 57,
					"x": 0.6355140186915887,
					"y": 0.11840843720038349
				},
				{
					"int_x": 603,
					"int_y": 57,
					"x": 0.9417685118619697,
					"y": 0.11840843720038349
				},
				{
					"int_x": 603,
					"int_y": 257,
					"x": 0.9417685118619697,
					"y": 0.5354745925215724
				},
				{
					"int_x": 407,
					"int_y": 257,
					"x": 0.6355140186915887,
					"y": 0.5354745925215724
				}
			],
			"rect": {
				"h": 0.41706615532118885,
				"int_h": 201,
				"int_w": 197,
				"int_x": 407,
				"int_y": 57,
				"w": 0.306254493170381,
				"x": 0.6355140186915887,
				"y": 0.11840843720038349
			}
		},
		{
			"class_idx": 2,
			"name": "center",
			"points": [
				{
					"int_x": 499,
					"int_y": 135,
					"x": 0.7796549245147376,
					"y": 0.28044103547459254
				},
				{
					"int_x": 524,
					"int_y": 135,
					"x": 0.819194823867721,
					"y": 0.28044103547459254
				},
				{
					"int_x": 524,
					"int_y": 162,
					"x": 0.819194823867721,
					"y": 0.33700862895493766
				},
				{
					"int_x": 499,
					"int_y": 162,
					"x": 0.7796549245147376,
					"y": 0.33700862895493766
				}
			],
			"rect": {
				"h": 0.056567593480345124,
				"int_h": 28,
				"int_w": 26,
				"int_x": 499,
				"int_y": 135,
				"w": 0.03953989935298341,
				"x": 0.7796549245147376,
				"y": 0.28044103547459254
			}
		},
		{
			"class_idx": 1,
			"name": "pin",
			"points": [
				{
					"int_x": 505,
					"int_y": 201,
					"x": 0.7893601725377426,
					"y": 0.41802492809204217
				},
				{
					"int_x": 531,
					"int_y": 201,
					"x": 0.8296189791516895,
					"y": 0.41802492809204217
				},
				{
					"int_x": 531,
					"int_y": 226,
					"x": 0.8296189791516895,
					"y": 0.47171620325982744
				},
				{
					"int_x": 505,
					"int_y": 226,
					"x": 0.7893601725377426,
					"y": 0.47171620325982744
				}
			],
			"rect": {
				"h": 0.05369127516778527,
				"int_h": 26,
				"int_w": 27,
				"int_x": 505,
				"int_y": 201,
				"w": 0.040258806613946874,
				"x": 0.7893601725377426,
				"y": 0.41802492809204217
			}
		}
	],
	"timestamp": 1716411725,
	"version": "1.8.23-1"
}
