{
	"completely_empty": false,
	"image": {
		"height": 480,
		"scale": 2.1729166666666666,
		"width": 640
	},
	"mark": [
		{
			"class_idx": 2,
			"name": "center",
			"points": [
				{
					"int_x": 533,
					"int_y": 145,
					"x": 0.8335729690869877,
					"y": 0.3015340364333653
				},
				{
					"int_x": 560,
					"int_y": 145,
					"x": 0.8745506829618979,
					"y": 0.3015340364333653
				},
				{
					"int_x": 560,
					"int_y": 173,
					"x": 0.8745506829618979,
					"y": 0.36001917545541706
				},
				{
					"int_x": 533,
					"int_y": 173,
					"x": 0.8335729690869877,
					"y": 0.36001917545541706
				}
			],
			"rect": {
				"h": 0.05848513902205177,
				"int_h": 29,
				"int_w": 28,
				"int_x": 533,
				"int_y": 145,
				"w": 0.040977713874910116,
				"x": 0.8335729690869877,
				"y": 0.3015340364333653
			}
		},
		{
			"class_idx": 4,
			"name": "medium gear",
			"points": [
				{
					"int_x": 426,
					"int_y": 58,
					"x": 0.6649892163910855,
					"y": 0.12128475551294343
				},
				{
					"int_x": 635,
					"int_y": 58,
					"x": 0.9928109273903667,
					"y": 0.12128475551294343
				},
				{
					"int_x": 635,
					"int_y": 273,
					"x": 0.9928109273903667,
					"y": 0.5690316395014381
				},
				{
					"int_x": 426,
					"int_y": 273,
					"x": 0.6649892163910855,
					"y": 0.5690316395014381
				}
			],
			"rect": {
				"h": 0.44774688398849466,
				"int_h": 216,
				"int_w": 210,
				"int_x": 426,
				"int_y": 58,
				"w": 0.32782171099928115,
				"x": 0.6649892163910855,
				"y": 0.12128475551294343
			}
		}
	],
	"timestamp": 1716411524,
	"version": "1.8.23-1"
}
