{
	"completely_empty": false,
	"image": {
		"height": 480,
		"scale": 2.1729166666666666,
		"width": 640
	},
	"mark": [
		{
			"class_idx": 3,
			"name": "small gear",
			"points": [
				{
					"int_x": 239,
					"int_y": 76,
					"x": 0.3738317757009346,
					"y": 0.15819750719079578
				},
				{
					"int_x": 375,
					"int_y": 76,
					"x": 0.586628324946082,
					"y": 0.15819750719079578
				},
				{
					"int_x": 375,
					"int_y": 221,
					"x": 0.586628324946082,
					"y": 0.46116970278044106
				},
				{
					"int_x": 239,
					"int_y": 221,
					"x": 0.3738317757009346,
					"y": 0.46116970278044106
				}
			],
			"rect": {
				"h": 0.3029721955896453,
				"int_h": 146,
				"int_w": 137,
				"int_x": 239,
				"int_y": 76,
				"w": 0.21279654924514735,
				"x": 0.3738317757009346,
				"y": 0.15819750719079578
			}
		},
		{
			"class_idx": 4,
			"name": "medium gear",
			"points": [
				{
					"int_x": 371,
					"int_y": 26,
					"x": 0.580158159597412,
					"y": 0.05321188878235858
				},
				{
					"int_x": 613,
					"int_y": 26,
					"x": 0.9583033788641265,
					"y": 0.05321188878235858
				},
				{
					"int_x": 613,
					"int_y": 261,
					"x": 0.9583033788641265,
					"y": 0.5431447746883988
				},
				{
					"int_x": 371,
					"int_y": 261,
					"x": 0.580158159597412,
					"y": 0.5431447746883988
				}
			],
			"rect": {
				"h": 0.4899328859060402,
				"int_h": 236,
				"int_w": 243,
				"int_x": 371,
				"int_y": 26,
				"w": 0.3781452192667145,
				"x": 0.580158159597412,
				"y": 0.05321188878235858
			}
		},
		{
			"class_idx": 2,
			"name": "center",
			"points": [
				{
					"int_x": 482,
					"int_y": 116,
					"x": 0.7526959022286126,
					"y": 0.2420901246404602
				},
				{
					"int_x": 515,
					"int_y": 116,
					"x": 0.8044572250179727,
					"y": 0.2420901246404602
				},
				{
					"int_x": 515,
					"int_y": 149,
					"x": 0.8044572250179727,
					"y": 0.3101629913710451
				},
				{
					"int_x": 482,
					"int_y": 149,
					"x": 0.7526959022286126,
					"y": 0.3101629913710451
				}
			],
			"rect": {
				"h": 0.06807286673058488,
				"int_h": 34,
				"int_w": 34,
				"int_x": 482,
				"int_y": 116,
				"w": 0.051761322789360076,
				"x": 0.7526959022286126,
				"y": 0.2420901246404602
			}
		},
		{
			"class_idx": 1,
			"name": "pin",
			"points": [
				{
					"int_x": 404,
					"int_y": 128,
					"x": 0.6315600287562905,
					"y": 0.2670182166826462
				},
				{
					"int_x": 435,
					"int_y": 128,
					"x": 0.6797268152408339,
					"y": 0.2670182166826462
				},
				{
					"int_x": 435,
					"int_y": 160,
					"x": 0.6797268152408339,
					"y": 0.33317353787152443
				},
				{
					"int_x": 404,
					"int_y": 160,
					"x": 0.6315600287562905,
					"y": 0.33317353787152443
				}
			],
			"rect": {
				"h": 0.06615532118887824,
				"int_h": 33,
				"int_w": 32,
				"int_x": 404,
				"int_y": 128,
				"w": 0.04816678648454342,
				"x": 0.6315600287562905,
				"y": 0.2670182166826462
			}
		}
	],
	"timestamp": 1716411640,
	"version": "1.8.23-1"
}
