{
	"completely_empty": false,
	"image": {
		"height": 480,
		"scale": 2.1729166666666666,
		"width": 640
	},
	"mark": [
		{
			"class_idx": 4,
			"name": "medium gear",
			"points": [
				{
					"int_x": 423,
					"int_y": 36,
					"x": 0.6606757728253055,
					"y": 0.07478427612655802
				},
				{
					"int_x": 640,
					"int_y": 36,
					"x": 1.0,
					"y": 0.07478427612655802
				},
				{
					"int_x": 640,
					"int_y": 276,
					"x": 1.0,
					"y": 0.5752636625119847
				},
				{
					"int_x": 423,
					"int_y": 276,
					"x": 0.6606757728253055,
					"y": 0.5752636625119847
				}
			],
			"rect": {
				"h": 0.5004793863854267,
				"int_h": 241,
				"int_w": 217,
				"int_x": 423,
				"int_y": 36,
				"w": 0.33932422717469446,
				"x": 0.6606757728253055,
				"y": 0.07478427612655802
			}
		},
		{
			"class_idx": 2,
			"name": "center",
			"points": [
				{
					"int_x": 544,
					"int_y": 130,
					"x": 0.8501078360891445,
					"y": 0.27037392138063276
				},
				{
					"int_x": 578,
					"int_y": 130,
					"x": 0.9025880661394681,
					"y": 0.27037392138063276
				},
				{
					"int_x": 578,
					"int_y": 162,
					"x": 0.9025880661394681,
					"y": 0.3374880153403643
				},
				{
					"int_x": 544,
					"int_y": 162,
					"x": 0.8501078360891445,
					"y": 0.3374880153403643
				}
			],
			"rect": {
				"h": 0.06711409395973156,
				"int_h": 33,
				"int_w": 35,
				"int_x": 544,
				"int_y": 130,
				"w": 0.05248023005032354,
				"x": 0.8501078360891445,
				"y": 0.27037392138063276
			}
		}
	],
	"timestamp": 1716411241,
	"version": "1.8.23-1"
}
