{
	"completely_empty": false,
	"image": {
		"height": 480,
		"scale": 2.1729166666666666,
		"width": 640
	},
	"mark": [
		{
			"class_idx": 1,
			"name": "pin",
			"points": [
				{
					"int_x": 473,
					"int_y": 195,
					"x": 0.7397555715312725,
					"y": 0.40699904122722913
				},
				{
					"int_x": 498,
					"int_y": 195,
					"x": 0.7785765636232926,
					"y": 0.40699904122722913
				},
				{
					"int_x": 498,
					"int_y": 221,
					"x": 0.7785765636232926,
					"y": 0.4597315436241611
				},
				{
					"int_x": 473,
					"int_y": 221,
					"x": 0.7397555715312725,
					"y": 0.4597315436241611
				}
			],
			"rect": {
				"h": 0.052732502396931946,
				"int_h": 27,
				"int_w": 26,
				"int_x": 473,
				"int_y": 195,
				"w": 0.03882099209202017,
				"x": 0.7397555715312725,
				"y": 0.40699904122722913
			}
		},
		{
			"class_idx": 2,
			"name": "center",
			"points": [
				{
					"int_x": 501,
					"int_y": 136,
					"x": 0.7832494608195543,
					"y": 0.28427612655800577
				},
				{
					"int_x": 527,
					"int_y": 136,
					"x": 0.8227893601725377,
					"y": 0.28427612655800577
				},
				{
					"int_x": 527,
					"int_y": 161,
					"x": 0.8227893601725377,
					"y": 0.33509108341323107
				},
				{
					"int_x": 501,
					"int_y": 161,
					"x": 0.7832494608195543,
					"y": 0.33509108341323107
				}
			],
			"rect": {
				"h": 0.0508149568552253,
				"int_h": 26,
				"int_w": 27,
				"int_x": 501,
				"int_y": 136,
				"w": 0.03953989935298341,
				"x": 0.7832494608195543,
				"y": 0.28427612655800577
			}
		},
		{
			"class_idx": 4,
			"name": "medium gear",
			"points": [
				{
					"int_x": 404,
					"int_y": 56,
					"x": 0.6319194823867722,
					"y": 0.1164908916586769
				},
				{
					"int_x": 599,
					"int_y": 56,
					"x": 0.9352983465132998,
					"y": 0.1164908916586769
				},
				{
					"int_x": 599,
					"int_y": 256,
					"x": 0.9352983465132998,
					"y": 0.5335570469798658
				},
				{
					"int_x": 404,
					"int_y": 256,
					"x": 0.6319194823867722,
					"y": 0.5335570469798658
				}
			],
			"rect": {
				"h": 0.41706615532118896,
				"int_h": 201,
				"int_w": 196,
				"int_x": 404,
				"int_y": 56,
				"w": 0.3033788641265276,
				"x": 0.6319194823867722,
				"y": 0.1164908916586769
			}
		},
		{
			"class_idx": 3,
			"name": "small gear",
			"points": [
				{
					"int_x": 289,
					"int_y": 95,
					"x": 0.45183321351545647,
					"y": 0.19894534995206134
				},
				{
					"int_x": 405,
					"int_y": 95,
					"x": 0.6322789360172537,
					"y": 0.19894534995206134
				},
				{
					"int_x": 405,
					"int_y": 217,
					"x": 0.6322789360172537,
					"y": 0.4530201342281879
				},
				{
					"int_x": 289,
					"int_y": 217,
					"x": 0.45183321351545647,
					"y": 0.4530201342281879
				}
			],
			"rect": {
				"h": 0.2540747842761265,
				"int_h": 123,
				"int_w": 117,
				"int_x": 289,
				"int_y": 95,
				"w": 0.18044572250179725,
				"x": 0.45183321351545647,
				"y": 0.19894534995206134
			}
		},
		{
			"class_idx": 0,
			"name": "red light",
			"points": [
				{
					"int_x": 52,
					"int_y": 139,
					"x": 0.08195542774982027,
					"y": 0.2890699904122723
				},
				{
					"int_x": 92,
					"int_y": 139,
					"x": 0.14378145219266714,
					"y": 0.2890699904122723
				},
				{
					"int_x": 92,
					"int_y": 172,
					"x": 0.14378145219266714,
					"y": 0.35906040268456374
				},
				{
					"int_x": 52,
					"int_y": 172,
					"x": 0.08195542774982027,
					"y": 0.35906040268456374
				}
			],
			"rect": {
				"h": 0.06999041227229141,
				"int_h": 34,
				"int_w": 41,
				"int_x": 52,
				"int_y": 139,
				"w": 0.061826024442846864,
				"x": 0.08195542774982027,
				"y": 0.2890699904122723
			}
		}
	],
	"timestamp": 1716411300,
	"version": "1.8.23-1"
}
