{
	"completely_empty": false,
	"image": {
		"height": 480,
		"scale": 2.1729166666666666,
		"width": 640
	},
	"mark": [
		{
			"class_idx": 0,
			"name": "red light",
			"points": [
				{
					"int_x": 73,
					"int_y": 136,
					"x": 0.11400807276368141,
					"y": 0.2839497998356819
				},
				{
					"int_x": 114,
					"int_y": 136,
					"x": 0.17883491143584251,
					"y": 0.2839497998356819
				},
				{
					"int_x": 114,
					"int_y": 172,
					"x": 0.17883491143584251,
					"y": 0.3581156060099602
				},
				{
					"int_x": 73,
					"int_y": 172,
					"x": 0.11400807276368141,
					"y": 0.3581156060099602
				}
			],
			"rect": {
				"h": 0.07416580617427826,
				"int_h": 37,
				"int_w": 42,
				"int_x": 73,
				"int_y": 136,
				"w": 0.0648268386721611,
				"x": 0.11400807276368141,
				"y": 0.2839497998356819
			}
		},
		{
			"class_idx": 3,
			"name": "small gear",
			"points": [
				{
					"int_x": 288,
					"int_y": 94,
					"x": 0.45003594536304814,
					"y": 0.19606903163950146
				},
				{
					"int_x": 407,
					"int_y": 94,
					"x": 0.6355140186915887,
					"y": 0.19606903163950146
				},
				{
					"int_x": 407,
					"int_y": 221,
					"x": 0.6355140186915887,
					"y": 0.4597315436241611
				},
				{
					"int_x": 288,
					"int_y": 221,
					"x": 0.45003594536304814,
					"y": 0.4597315436241611
				}
			],
			"rect": {
				"h": 0.2636625119846596,
				"int_h": 128,
				"int_w": 120,
				"int_x": 288,
				"int_y": 94,
				"w": 0.1854780733285406,
				"x": 0.45003594536304814,
				"y": 0.19606903163950146
			}
		},
		{
			"class_idx": 4,
			"name": "medium gear",
			"points": [
				{
					"int_x": 405,
					"int_y": 57,
					"x": 0.6322789360172538,
					"y": 0.11840843720038349
				},
				{
					"int_x": 601,
					"int_y": 57,
					"x": 0.9392523364485981,
					"y": 0.11840843720038349
				},
				{
					"int_x": 601,
					"int_y": 256,
					"x": 0.9392523364485981,
					"y": 0.5335570469798657
				},
				{
					"int_x": 405,
					"int_y": 256,
					"x": 0.6322789360172538,
					"y": 0.5335570469798657
				}
			],
			"rect": {
				"h": 0.4151486097794822,
				"int_h": 200,
				"int_w": 197,
				"int_x": 405,
				"int_y": 57,
				"w": 0.30697340043134425,
				"x": 0.6322789360172538,
				"y": 0.11840843720038349
			}
		},
		{
			"class_idx": 2,
			"name": "center",
			"points": [
				{
					"int_x": 502,
					"int_y": 136,
					"x": 0.7843278217109992,
					"y": 0.28283796740172584
				},
				{
					"int_x": 528,
					"int_y": 136,
					"x": 0.8245866283249461,
					"y": 0.28283796740172584
				},
				{
					"int_x": 528,
					"int_y": 162,
					"x": 0.8245866283249461,
					"y": 0.33844678811121764
				},
				{
					"int_x": 502,
					"int_y": 162,
					"x": 0.7843278217109992,
					"y": 0.33844678811121764
				}
			],
			"rect": {
				"h": 0.0556088207094918,
				"int_h": 27,
				"int_w": 27,
				"int_x": 502,
				"int_y": 136,
				"w": 0.040258806613946874,
				"x": 0.7843278217109992,
				"y": 0.28283796740172584
			}
		},
		{
			"class_idx": 1,
			"name": "pin",
			"points": [
				{
					"int_x": 519,
					"int_y": 200,
					"x": 0.8102084831056794,
					"y": 0.4161073825503356
				},
				{
					"int_x": 542,
					"int_y": 200,
					"x": 0.8475916606757729,
					"y": 0.4161073825503356
				},
				{
					"int_x": 542,
					"int_y": 225,
					"x": 0.8475916606757729,
					"y": 0.4678811121764142
				},
				{
					"int_x": 519,
					"int_y": 225,
					"x": 0.8102084831056794,
					"y": 0.4678811121764142
				}
			],
			"rect": {
				"h": 0.051773729626078624,
				"int_h": 26,
				"int_w": 24,
				"int_x": 519,
				"int_y": 200,
				"w": 0.03738317757009346,
				"x": 0.8102084831056794,
				"y": 0.4161073825503356
			}
		}
	],
	"timestamp": 1716411446,
	"version": "1.8.23-1"
}
