{
	"completely_empty": false,
	"image": {
		"height": 480,
		"scale": 2.1729166666666666,
		"width": 640
	},
	"mark": [
		{
			"class_idx": 0,
			"name": "red light",
			"points": [
				{
					"int_x": 108,
					"int_y": 138,
					"x": 0.1684211790561676,
					"y": 0.2884085029363632
				},
				{
					"int_x": 148,
					"int_y": 138,
					"x": 0.23153096437454224,
					"y": 0.2884085029363632
				},
				{
					"int_x": 148,
					"int_y": 176,
					"x": 0.23153096437454224,
					"y": 0.36571402847766876
				},
				{
					"int_x": 108,
					"int_y": 176,
					"x": 0.1684211790561676,
					"y": 0.36571402847766876
				}
			],
			"rect": {
				"h": 0.07730552554130554,
				"int_h": 39,
				"int_w": 41,
				"int_x": 108,
				"int_y": 138,
				"w": 0.06310978531837463,
				"x": 0.1684211790561676,
				"y": 0.2884085029363632
			}
		},
		{
			"class_idx": 3,
			"name": "small gear",
			"points": [
				{
					"int_x": 342,
					"int_y": 94,
					"x": 0.5341480948957584,
					"y": 0.19606903163950143
				},
				{
					"int_x": 458,
					"int_y": 94,
					"x": 0.7153127246585191,
					"y": 0.19606903163950143
				},
				{
					"int_x": 458,
					"int_y": 216,
					"x": 0.7153127246585191,
					"y": 0.450143815915628
				},
				{
					"int_x": 342,
					"int_y": 216,
					"x": 0.5341480948957584,
					"y": 0.450143815915628
				}
			],
			"rect": {
				"h": 0.2540747842761266,
				"int_h": 123,
				"int_w": 117,
				"int_x": 342,
				"int_y": 94,
				"w": 0.1811646297627607,
				"x": 0.5341480948957584,
				"y": 0.19606903163950143
			}
		},
		{
			"class_idx": 4,
			"name": "medium gear",
			"points": [
				{
					"int_x": 456,
					"int_y": 54,
					"x": 0.7124370956146657,
					"y": 0.11265580057526364
				},
				{
					"int_x": 640,
					"int_y": 54,
					"x": 1.0,
					"y": 0.11265580057526364
				},
				{
					"int_x": 640,
					"int_y": 255,
					"x": 1.0,
					"y": 0.5316395014381592
				},
				{
					"int_x": 456,
					"int_y": 255,
					"x": 0.7124370956146657,
					"y": 0.5316395014381592
				}
			],
			"rect": {
				"h": 0.41898370086289555,
				"int_h": 202,
				"int_w": 184,
				"int_x": 456,
				"int_y": 54,
				"w": 0.2875629043853343,
				"x": 0.7124370956146657,
				"y": 0.11265580057526364
			}
		},
		{
			"class_idx": 2,
			"name": "center",
			"points": [
				{
					"int_x": 555,
					"int_y": 132,
					"x": 0.8666427030913012,
					"y": 0.2746883988494727
				},
				{
					"int_x": 581,
					"int_y": 132,
					"x": 0.9076204169662113,
					"y": 0.2746883988494727
				},
				{
					"int_x": 581,
					"int_y": 159,
					"x": 0.9076204169662113,
					"y": 0.33125599232981784
				},
				{
					"int_x": 555,
					"int_y": 159,
					"x": 0.8666427030913012,
					"y": 0.33125599232981784
				}
			],
			"rect": {
				"h": 0.056567593480345124,
				"int_h": 28,
				"int_w": 27,
				"int_x": 555,
				"int_y": 132,
				"w": 0.040977713874910116,
				"x": 0.8666427030913012,
				"y": 0.2746883988494727
			}
		},
		{
			"class_idx": 1,
			"name": "pin",
			"points": [
				{
					"int_x": 489,
					"int_y": 128,
					"x": 0.7645578720345075,
					"y": 0.26749760306807285
				},
				{
					"int_x": 513,
					"int_y": 128,
					"x": 0.8012221423436378,
					"y": 0.26749760306807285
				},
				{
					"int_x": 513,
					"int_y": 153,
					"x": 0.8012221423436378,
					"y": 0.3192713326941515
				},
				{
					"int_x": 489,
					"int_y": 153,
					"x": 0.7645578720345075,
					"y": 0.3192713326941515
				}
			],
			"rect": {
				"h": 0.051773729626078624,
				"int_h": 26,
				"int_w": 25,
				"int_x": 489,
				"int_y": 128,
				"w": 0.03666427030913022,
				"x": 0.7645578720345075,
				"y": 0.26749760306807285
			}
		}
	],
	"timestamp": 1716411381,
	"version": "1.8.23-1"
}
