{
	"completely_empty": false,
	"image": {
		"height": 480,
		"scale": 2.1729166666666666,
		"width": 640
	},
	"mark": [
		{
			"class_idx": 0,
			"name": "red light",
			"points": [
				{
					"int_x": 81,
					"int_y": 136,
					"x": 0.12654416635632515,
					"y": 0.2835182063281536
				},
				{
					"int_x": 122,
					"int_y": 136,
					"x": 0.19036773964762688,
					"y": 0.2835182063281536
				},
				{
					"int_x": 122,
					"int_y": 173,
					"x": 0.19036773964762688,
					"y": 0.35950862243771553
				},
				{
					"int_x": 81,
					"int_y": 173,
					"x": 0.12654416635632515,
					"y": 0.35950862243771553
				}
			],
			"rect": {
				"h": 0.07599041610956192,
				"int_h": 38,
				"int_w": 42,
				"int_x": 81,
				"int_y": 136,
				"w": 0.06382357329130173,
				"x": 0.12654416635632515,
				"y": 0.2835182063281536
			}
		},
		{
			"class_idx": 3,
			"name": "small gear",
			"points": [
				{
					"int_x": 293,
					"int_y": 90,
					"x": 0.45769353210926056,
					"y": 0.1876228153705597
				},
				{
					"int_x": 415,
					"int_y": 90,
					"x": 0.6480758637189865,
					"y": 0.1876228153705597
				},
				{
					"int_x": 415,
					"int_y": 225,
					"x": 0.6480758637189865,
					"y": 0.4693480432033539
				},
				{
					"int_x": 293,
					"int_y": 225,
					"x": 0.45769353210926056,
					"y": 0.4693480432033539
				}
			],
			"rect": {
				"h": 0.2817252278327942,
				"int_h": 136,
				"int_w": 123,
				"int_x": 293,
				"int_y": 90,
				"w": 0.19038233160972595,
				"x": 0.45769353210926056,
				"y": 0.1876228153705597
			}
		},
		{
			"class_idx": 4,
			"name": "medium gear",
			"points": [
				{
					"int_x": 410,
					"int_y": 55,
					"x": 0.6405463695183321,
					"y": 0.11505273250239695
				},
				{
					"int_x": 613,
					"int_y": 55,
					"x": 0.9583033788641265,
					"y": 0.11505273250239695
				},
				{
					"int_x": 613,
					"int_y": 256,
					"x": 0.9583033788641265,
					"y": 0.5330776605944392
				},
				{
					"int_x": 410,
					"int_y": 256,
					"x": 0.6405463695183321,
					"y": 0.5330776605944392
				}
			],
			"rect": {
				"h": 0.4180249280920422,
				"int_h": 202,
				"int_w": 204,
				"int_x": 410,
				"int_y": 55,
				"w": 0.31775700934579443,
				"x": 0.6405463695183321,
				"y": 0.11505273250239695
			}
		},
		{
			"class_idx": 1,
			"name": "pin",
			"points": [
				{
					"int_x": 573,
					"int_y": 135,
					"x": 0.8957584471603164,
					"y": 0.28139980824544586
				},
				{
					"int_x": 596,
					"int_y": 135,
					"x": 0.9317038102084831,
					"y": 0.28139980824544586
				},
				{
					"int_x": 596,
					"int_y": 159,
					"x": 0.9317038102084831,
					"y": 0.33221476510067116
				},
				{
					"int_x": 573,
					"int_y": 159,
					"x": 0.8957584471603164,
					"y": 0.33221476510067116
				}
			],
			"rect": {
				"h": 0.0508149568552253,
				"int_h": 25,
				"int_w": 24,
				"int_x": 573,
				"int_y": 135,
				"w": 0.035945363048166756,
				"x": 0.8957584471603164,
				"y": 0.28139980824544586
			}
		},
		{
			"class_idx": 2,
			"name": "center",
			"points": [
				{
					"int_x": 510,
					"int_y": 134,
					"x": 0.7961897915168943,
					"y": 0.2790028763183126
				},
				{
					"int_x": 537,
					"int_y": 134,
					"x": 0.8386053199137311,
					"y": 0.2790028763183126
				},
				{
					"int_x": 537,
					"int_y": 161,
					"x": 0.8386053199137311,
					"y": 0.3346116970278044
				},
				{
					"int_x": 510,
					"int_y": 161,
					"x": 0.7961897915168943,
					"y": 0.3346116970278044
				}
			],
			"rect": {
				"h": 0.0556088207094918,
				"int_h": 28,
				"int_w": 28,
				"int_x": 510,
				"int_y": 134,
				"w": 0.04241552839683682,
				"x": 0.7961897915168943,
				"y": 0.2790028763183126
			}
		}
	],
	"timestamp": 1716411974,
	"version": "1.8.23-1"
}
