{
	"completely_empty": false,
	"image": {
		"height": 480,
		"scale": 2.1729166666666666,
		"width": 640
	},
	"mark": [
		{
			"class_idx": 2,
			"name": "center",
			"points": [
				{
					"int_x": 491,
					"int_y": 145,
					"x": 0.7670740474478792,
					"y": 0.3015340364333653
				},
				{
					"int_x": 519,
					"int_y": 145,
					"x": 0.811646297627606,
					"y": 0.3015340364333653
				},
				{
					"int_x": 519,
					"int_y": 171,
					"x": 0.811646297627606,
					"y": 0.3561840843720039
				},
				{
					"int_x": 491,
					"int_y": 171,
					"x": 0.7670740474478792,
					"y": 0.3561840843720039
				}
			],
			"rect": {
				"h": 0.05465004793863859,
				"int_h": 27,
				"int_w": 29,
				"int_x": 491,
				"int_y": 145,
				"w": 0.04457225017972677,
				"x": 0.7670740474478792,
				"y": 0.3015340364333653
			}
		},
		{
			"class_idx": 4,
			"name": "medium gear",
			"points": [
				{
					"int_x": 387,
					"int_y": 55,
					"x": 0.6053199137311287,
					"y": 0.11361457334611699
				},
				{
					"int_x": 599,
					"int_y": 55,
					"x": 0.936017253774263,
					"y": 0.11361457334611699
				},
				{
					"int_x": 599,
					"int_y": 271,
					"x": 0.936017253774263,
					"y": 0.5651965484180249
				},
				{
					"int_x": 387,
					"int_y": 271,
					"x": 0.6053199137311287,
					"y": 0.5651965484180249
				}
			],
			"rect": {
				"h": 0.4515819750719079,
				"int_h": 217,
				"int_w": 213,
				"int_x": 387,
				"int_y": 55,
				"w": 0.33069734004313434,
				"x": 0.6053199137311287,
				"y": 0.11361457334611699
			}
		}
	],
	"timestamp": 1716411215,
	"version": "1.8.23-1"
}
