{
	"completely_empty": false,
	"image": {
		"height": 480,
		"scale": 2.1729166666666666,
		"width": 640
	},
	"mark": [
		{
			"class_idx": 3,
			"name": "small gear",
			"points": [
				{
					"int_x": 239,
					"int_y": 78,
					"x": 0.37347232207045294,
					"y": 0.16299137104506234
				},
				{
					"int_x": 376,
					"int_y": 78,
					"x": 0.5869877785765636,
					"y": 0.16299137104506234
				},
				{
					"int_x": 376,
					"int_y": 219,
					"x": 0.5869877785765636,
					"y": 0.4563758389261745
				},
				{
					"int_x": 239,
					"int_y": 219,
					"x": 0.37347232207045294,
					"y": 0.4563758389261745
				}
			],
			"rect": {
				"h": 0.29338446788111217,
				"int_h": 142,
				"int_w": 138,
				"int_x": 239,
				"int_y": 78,
				"w": 0.21351545650611065,
				"x": 0.37347232207045294,
				"y": 0.16299137104506234
			}
		},
		{
			"class_idx": 4,
			"name": "medium gear",
			"points": [
				{
					"int_x": 372,
					"int_y": 30,
					"x": 0.5815959741193386,
					"y": 0.0632790028763183
				},
				{
					"int_x": 606,
					"int_y": 30,
					"x": 0.9468008626887132,
					"y": 0.0632790028763183
				},
				{
					"int_x": 606,
					"int_y": 259,
					"x": 0.9468008626887132,
					"y": 0.538830297219559
				},
				{
					"int_x": 372,
					"int_y": 259,
					"x": 0.5815959741193386,
					"y": 0.538830297219559
				}
			],
			"rect": {
				"h": 0.4755512943432407,
				"int_h": 230,
				"int_w": 235,
				"int_x": 372,
				"int_y": 30,
				"w": 0.3652048885693746,
				"x": 0.5815959741193386,
				"y": 0.0632790028763183
			}
		},
		{
			"class_idx": 1,
			"name": "pin",
			"points": [
				{
					"int_x": 408,
					"int_y": 106,
					"x": 0.6376707404744788,
					"y": 0.2214765100671141
				},
				{
					"int_x": 437,
					"int_y": 106,
					"x": 0.6822429906542056,
					"y": 0.2214765100671141
				},
				{
					"int_x": 437,
					"int_y": 134,
					"x": 0.6822429906542056,
					"y": 0.27900287631831255
				},
				{
					"int_x": 408,
					"int_y": 134,
					"x": 0.6376707404744788,
					"y": 0.27900287631831255
				}
			],
			"rect": {
				"h": 0.057526366251198446,
				"int_h": 29,
				"int_w": 30,
				"int_x": 408,
				"int_y": 106,
				"w": 0.04457225017972677,
				"x": 0.6376707404744788,
				"y": 0.2214765100671141
			}
		},
		{
			"class_idx": 2,
			"name": "center",
			"points": [
				{
					"int_x": 481,
					"int_y": 121,
					"x": 0.7516175413371675,
					"y": 0.25119846596356665
				},
				{
					"int_x": 511,
					"int_y": 121,
					"x": 0.7983465132997842,
					"y": 0.25119846596356665
				},
				{
					"int_x": 511,
					"int_y": 149,
					"x": 0.7983465132997842,
					"y": 0.31064237775647174
				},
				{
					"int_x": 481,
					"int_y": 149,
					"x": 0.7516175413371675,
					"y": 0.31064237775647174
				}
			],
			"rect": {
				"h": 0.05944391179290509,
				"int_h": 29,
				"int_w": 31,
				"int_x": 481,
				"int_y": 121,
				"w": 0.04672897196261672,
				"x": 0.7516175413371675,
				"y": 0.25119846596356665
			}
		}
	],
	"timestamp": 1716411486,
	"version": "1.8.23-1"
}
