{
	"completely_empty": false,
	"image": {
		"height": 480,
		"scale": 2.1729166666666666,
		"width": 640
	},
	"mark": [
		{
			"class_idx": 3,
			"name": "small gear",
			"points": [
				{
					"int_x": 230,
					"int_y": 72,
					"x": 0.3598130841121495,
					"y": 0.149568552253116
				},
				{
					"int_x": 378,
					"int_y": 72,
					"x": 0.5905823148813804,
					"y": 0.149568552253116
				},
				{
					"int_x": 378,
					"int_y": 221,
					"x": 0.5905823148813804,
					"y": 0.46021093000958774
				},
				{
					"int_x": 230,
					"int_y": 221,
					"x": 0.3598130841121495,
					"y": 0.46021093000958774
				}
			],
			"rect": {
				"h": 0.31064237775647174,
				"int_h": 150,
				"int_w": 149,
				"int_x": 230,
				"int_y": 72,
				"w": 0.23076923076923084,
				"x": 0.3598130841121495,
				"y": 0.149568552253116
			}
		},
		{
			"class_idx": 4,
			"name": "medium gear",
			"points": [
				{
					"int_x": 365,
					"int_y": 18,
					"x": 0.5708123652048885,
					"y": 0.037871524448705673
				},
				{
					"int_x": 620,
					"int_y": 18,
					"x": 0.9690869877785765,
					"y": 0.037871524448705673
				},
				{
					"int_x": 620,
					"int_y": 264,
					"x": 0.9690869877785765,
					"y": 0.5508149568552253
				},
				{
					"int_x": 365,
					"int_y": 264,
					"x": 0.5708123652048885,
					"y": 0.5508149568552253
				}
			],
			"rect": {
				"h": 0.5129434324065196,
				"int_h": 247,
				"int_w": 256,
				"int_x": 365,
				"int_y": 18,
				"w": 0.39827462257368795,
				"x": 0.5708123652048885,
				"y": 0.037871524448705673
			}
		},
		{
			"class_idx": 2,
			"name": "center",
			"points": [
				{
					"int_x": 480,
					"int_y": 114,
					"x": 0.7505391804457225,
					"y": 0.23729626078619367
				},
				{
					"int_x": 513,
					"int_y": 114,
					"x": 0.8023005032350826,
					"y": 0.23729626078619367
				},
				{
					"int_x": 513,
					"int_y": 147,
					"x": 0.8023005032350826,
					"y": 0.3072866730584851
				},
				{
					"int_x": 480,
					"int_y": 147,
					"x": 0.7505391804457225,
					"y": 0.3072866730584851
				}
			],
			"rect": {
				"h": 0.06999041227229144,
				"int_h": 34,
				"int_w": 34,
				"int_x": 480,
				"int_y": 114,
				"w": 0.051761322789360076,
				"x": 0.7505391804457225,
				"y": 0.23729626078619367
			}
		},
		{
			"class_idx": 1,
			"name": "pin",
			"points": [
				{
					"int_x": 490,
					"int_y": 194,
					"x": 0.7659956865564342,
					"y": 0.4031639501438159
				},
				{
					"int_x": 523,
					"int_y": 194,
					"x": 0.8170381020848311,
					"y": 0.4031639501438159
				},
				{
					"int_x": 523,
					"int_y": 226,
					"x": 0.8170381020848311,
					"y": 0.4712368168744008
				},
				{
					"int_x": 490,
					"int_y": 226,
					"x": 0.7659956865564342,
					"y": 0.4712368168744008
				}
			],
			"rect": {
				"h": 0.06807286673058488,
				"int_h": 33,
				"int_w": 34,
				"int_x": 490,
				"int_y": 194,
				"w": 0.051042415528396834,
				"x": 0.7659956865564342,
				"y": 0.4031639501438159
			}
		}
	],
	"timestamp": 1716411900,
	"version": "1.8.23-1"
}
