{
	"completely_empty": false,
	"image": {
		"height": 480,
		"scale": 2.1729166666666666,
		"width": 640
	},
	"mark": [
		{
			"class_idx": 4,
			"name": "medium gear",
			"points": [
				{
					"int_x": 383,
					"int_y": 52,
					"x": 0.5992092020129404,
					"y": 0.10882070949185044
				},
				{
					"int_x": 600,
					"int_y": 52,
					"x": 0.9378145219266715,
					"y": 0.10882070949185044
				},
				{
					"int_x": 600,
					"int_y": 266,
					"x": 0.9378145219266715,
					"y": 0.5546500479386386
				},
				{
					"int_x": 383,
					"int_y": 266,
					"x": 0.5992092020129404,
					"y": 0.5546500479386386
				}
			],
			"rect": {
				"h": 0.4458293384467882,
				"int_h": 215,
				"int_w": 218,
				"int_x": 383,
				"int_y": 52,
				"w": 0.3386053199137311,
				"x": 0.5992092020129404,
				"y": 0.10882070949185044
			}
		},
		{
			"class_idx": 2,
			"name": "center",
			"points": [
				{
					"int_x": 491,
					"int_y": 135,
					"x": 0.7670740474478792,
					"y": 0.28044103547459254
				},
				{
					"int_x": 517,
					"int_y": 135,
					"x": 0.8073328540618261,
					"y": 0.28044103547459254
				},
				{
					"int_x": 517,
					"int_y": 162,
					"x": 0.8073328540618261,
					"y": 0.33700862895493766
				},
				{
					"int_x": 491,
					"int_y": 162,
					"x": 0.7670740474478792,
					"y": 0.33700862895493766
				}
			],
			"rect": {
				"h": 0.056567593480345124,
				"int_h": 28,
				"int_w": 27,
				"int_x": 491,
				"int_y": 135,
				"w": 0.040258806613946874,
				"x": 0.7670740474478792,
				"y": 0.28044103547459254
			}
		}
	],
	"timestamp": 1716411340,
	"version": "1.8.23-1"
}
