{
	"completely_empty": false,
	"image": {
		"height": 480,
		"scale": 2.1729166666666666,
		"width": 640
	},
	"mark": [
		{
			"class_idx": 4,
			"name": "medium gear",
			"points": [
				{
					"int_x": 425,
					"int_y": 36,
					"x": 0.6635514018691588,
					"y": 0.07478427612655802
				},
				{
					"int_x": 640,
					"int_y": 36,
					"x": 1.0,
					"y": 0.07478427612655802
				},
				{
					"int_x": 640,
					"int_y": 275,
					"x": 1.0,
					"y": 0.573346116970278
				},
				{
					"int_x": 425,
					"int_y": 275,
					"x": 0.6635514018691588,
					"y": 0.573346116970278
				}
			],
			"rect": {
				"h": 0.49856184084372,
				"int_h": 240,
				"int_w": 215,
				"int_x": 425,
				"int_y": 36,
				"w": 0.33644859813084116,
				"x": 0.6635514018691588,
				"y": 0.07478427612655802
			}
		},
		{
			"class_idx": 2,
			"name": "center",
			"points": [
				{
					"int_x": 545,
					"int_y": 132,
					"x": 0.8515456506110711,
					"y": 0.27420901246404605
				},
				{
					"int_x": 578,
					"int_y": 132,
					"x": 0.902588066139468,
					"y": 0.27420901246404605
				},
				{
					"int_x": 578,
					"int_y": 162,
					"x": 0.902588066139468,
					"y": 0.3374880153403643
				},
				{
					"int_x": 545,
					"int_y": 162,
					"x": 0.8515456506110711,
					"y": 0.3374880153403643
				}
			],
			"rect": {
				"h": 0.06327900287631827,
				"int_h": 31,
				"int_w": 34,
				"int_x": 545,
				"int_y": 132,
				"w": 0.051042415528396834,
				"x": 0.8515456506110711,
				"y": 0.27420901246404605
			}
		}
	],
	"timestamp": 1716411403,
	"version": "1.8.23-1"
}
