{
	"completely_empty": false,
	"image": {
		"height": 480,
		"scale": 2.1166666666666667,
		"width": 640
	},
	"mark": [
		{
			"class_idx": 1,
			"name": "pin",
			"points": [
				{
					"int_x": 455,
					"int_y": 90,
					"x": 0.7115625,
					"y": 0.18791666666666668
				},
				{
					"int_x": 481,
					"int_y": 90,
					"x": 0.7509374999999999,
					"y": 0.18791666666666668
				},
				{
					"int_x": 481,
					"int_y": 113,
					"x": 0.7509374999999999,
					"y": 0.23541666666666666
				},
				{
					"int_x": 455,
					"int_y": 113,
					"x": 0.7115625,
					"y": 0.23541666666666666
				}
			],
			"rect": {
				"h": 0.04749999999999999,
				"int_h": 24,
				"int_w": 27,
				"int_x": 455,
				"int_y": 90,
				"w": 0.03937499999999994,
				"x": 0.7115625,
				"y": 0.18791666666666668
			}
		},
		{
			"class_idx": 0,
			"name": "red light",
			"points": [
				{
					"int_x": 49,
					"int_y": 135,
					"x": 0.07609375,
					"y": 0.281875
				},
				{
					"int_x": 90,
					"int_y": 135,
					"x": 0.14015624999999998,
					"y": 0.281875
				},
				{
					"int_x": 90,
					"int_y": 172,
					"x": 0.14015624999999998,
					"y": 0.3572916666666667
				},
				{
					"int_x": 49,
					"int_y": 172,
					"x": 0.07609375,
					"y": 0.3572916666666667
				}
			],
			"rect": {
				"h": 0.07541666666666669,
				"int_h": 38,
				"int_w": 42,
				"int_x": 49,
				"int_y": 135,
				"w": 0.06406249999999998,
				"x": 0.07609375,
				"y": 0.281875
			}
		},
		{
			"class_idx": 2,
			"name": "center",
			"points": [
				{
					"int_x": 493,
					"int_y": 139,
					"x": 0.77015625,
					"y": 0.2895833333333333
				},
				{
					"int_x": 517,
					"int_y": 139,
					"x": 0.80796875,
					"y": 0.2895833333333333
				},
				{
					"int_x": 517,
					"int_y": 162,
					"x": 0.80796875,
					"y": 0.33791666666666664
				},
				{
					"int_x": 493,
					"int_y": 162,
					"x": 0.77015625,
					"y": 0.33791666666666664
				}
			],
			"rect": {
				"h": 0.04833333333333334,
				"int_h": 24,
				"int_w": 25,
				"int_x": 493,
				"int_y": 139,
				"w": 0.03781250000000003,
				"x": 0.77015625,
				"y": 0.2895833333333333
			}
		},
		{
			"class_idx": 3,
			"name": "small gear",
			"points": [
				{
					"int_x": 278,
					"int_y": 95,
					"x": 0.4350553505535056,
					"y": 0.19783464566929132
				},
				{
					"int_x": 400,
					"int_y": 95,
					"x": 0.6247232472324724,
					"y": 0.19783464566929132
				},
				{
					"int_x": 400,
					"int_y": 220,
					"x": 0.6247232472324724,
					"y": 0.4576771653543307
				},
				{
					"int_x": 278,
					"int_y": 220,
					"x": 0.4350553505535056,
					"y": 0.4576771653543307
				}
			],
			"rect": {
				"h": 0.25984251968503935,
				"int_h": 126,
				"int_w": 123,
				"int_x": 278,
				"int_y": 95,
				"w": 0.18966789667896683,
				"x": 0.4350553505535056,
				"y": 0.19783464566929132
			}
		},
		{
			"class_idx": 4,
			"name": "medium gear",
			"points": [
				{
					"int_x": 398,
					"int_y": 60,
					"x": 0.6214022140221402,
					"y": 0.124507874015748
				},
				{
					"int_x": 592,
					"int_y": 60,
					"x": 0.925461254612546,
					"y": 0.124507874015748
				},
				{
					"int_x": 592,
					"int_y": 255,
					"x": 0.925461254612546,
					"y": 0.531003937007874
				},
				{
					"int_x": 398,
					"int_y": 255,
					"x": 0.6214022140221402,
					"y": 0.531003937007874
				}
			],
			"rect": {
				"h": 0.40649606299212593,
				"int_h": 196,
				"int_w": 195,
				"int_x": 398,
				"int_y": 60,
				"w": 0.3040590405904058,
				"x": 0.6214022140221402,
				"y": 0.124507874015748
			}
		}
	],
	"timestamp": 1714399546,
	"version": "1.8.26-1"
}
