{
	"completely_empty": false,
	"image": {
		"height": 480,
		"scale": 2.1166666666666667,
		"width": 640
	},
	"mark": [
		{
			"class_idx": 0,
			"name": "red light",
			"points": [
				{
					"int_x": 45,
					"int_y": 131,
					"x": 0.06973400431344356,
					"y": 0.2722914669223394
				},
				{
					"int_x": 88,
					"int_y": 131,
					"x": 0.13731128684399713,
					"y": 0.2722914669223394
				},
				{
					"int_x": 88,
					"int_y": 172,
					"x": 0.13731128684399713,
					"y": 0.3585810162991371
				},
				{
					"int_x": 45,
					"int_y": 172,
					"x": 0.06973400431344356,
					"y": 0.3585810162991371
				}
			],
			"rect": {
				"h": 0.08628954937679767,
				"int_h": 42,
				"int_w": 44,
				"int_x": 45,
				"int_y": 131,
				"w": 0.06757728253055356,
				"x": 0.06973400431344356,
				"y": 0.2722914669223394
			}
		},
		{
			"class_idx": 1,
			"name": "pin",
			"points": [
				{
					"int_x": 461,
					"int_y": 143,
					"x": 0.719626168224299,
					"y": 0.2972195589645254
				},
				{
					"int_x": 486,
					"int_y": 143,
					"x": 0.7598849748382459,
					"y": 0.2972195589645254
				},
				{
					"int_x": 486,
					"int_y": 168,
					"x": 0.7598849748382459,
					"y": 0.35091083413231067
				},
				{
					"int_x": 461,
					"int_y": 168,
					"x": 0.719626168224299,
					"y": 0.35091083413231067
				}
			],
			"rect": {
				"h": 0.05369127516778527,
				"int_h": 26,
				"int_w": 26,
				"int_x": 461,
				"int_y": 143,
				"w": 0.040258806613946874,
				"x": 0.719626168224299,
				"y": 0.2972195589645254
			}
		},
		{
			"class_idx": 2,
			"name": "center",
			"points": [
				{
					"int_x": 530,
					"int_y": 133,
					"x": 0.8281811646297628,
					"y": 0.27708533077660596
				},
				{
					"int_x": 559,
					"int_y": 133,
					"x": 0.8727534148094895,
					"y": 0.27708533077660596
				},
				{
					"int_x": 559,
					"int_y": 162,
					"x": 0.8727534148094895,
					"y": 0.33652924256951106
				},
				{
					"int_x": 530,
					"int_y": 162,
					"x": 0.8281811646297628,
					"y": 0.33652924256951106
				}
			],
			"rect": {
				"h": 0.05944391179290509,
				"int_h": 30,
				"int_w": 30,
				"int_x": 530,
				"int_y": 133,
				"w": 0.04457225017972677,
				"x": 0.8281811646297628,
				"y": 0.27708533077660596
			}
		},
		{
			"class_idx": 3,
			"name": "small gear",
			"points": [
				{
					"int_x": 292,
					"int_y": 89,
					"x": 0.4560885608856089,
					"y": 0.18454724409448822
				},
				{
					"int_x": 430,
					"int_y": 89,
					"x": 0.6715867158671587,
					"y": 0.18454724409448822
				},
				{
					"int_x": 430,
					"int_y": 227,
					"x": 0.6715867158671587,
					"y": 0.4729330708661418
				},
				{
					"int_x": 292,
					"int_y": 227,
					"x": 0.4560885608856089,
					"y": 0.4729330708661418
				}
			],
			"rect": {
				"h": 0.2883858267716536,
				"int_h": 139,
				"int_w": 139,
				"int_x": 292,
				"int_y": 89,
				"w": 0.21549815498154978,
				"x": 0.4560885608856089,
				"y": 0.18454724409448822
			}
		},
		{
			"class_idx": 4,
			"name": "medium gear",
			"points": [
				{
					"int_x": 420,
					"int_y": 47,
					"x": 0.6560885608856089,
					"y": 0.09842519685039366
				},
				{
					"int_x": 639,
					"int_y": 47,
					"x": 0.9985239852398524,
					"y": 0.09842519685039366
				},
				{
					"int_x": 639,
					"int_y": 266,
					"x": 0.9985239852398524,
					"y": 0.5531496062992126
				},
				{
					"int_x": 420,
					"int_y": 266,
					"x": 0.6560885608856089,
					"y": 0.5531496062992126
				}
			],
			"rect": {
				"h": 0.454724409448819,
				"int_h": 220,
				"int_w": 220,
				"int_x": 420,
				"int_y": 47,
				"w": 0.34243542435424357,
				"x": 0.6560885608856089,
				"y": 0.09842519685039366
			}
		}
	],
	"timestamp": 1714399282,
	"version": "1.8.26-1"
}
