{
	"completely_empty": false,
	"image": {
		"height": 480,
		"scale": 2.1166666666666667,
		"width": 640
	},
	"mark": [
		{
			"class_idx": 0,
			"name": "red light",
			"points": [
				{
					"int_x": 43,
					"int_y": 134,
					"x": 0.06757728253055356,
					"y": 0.2799616490891659
				},
				{
					"int_x": 91,
					"int_y": 134,
					"x": 0.14234363767074046,
					"y": 0.2799616490891659
				},
				{
					"int_x": 91,
					"int_y": 174,
					"x": 0.14234363767074046,
					"y": 0.36241610738255037
				},
				{
					"int_x": 43,
					"int_y": 174,
					"x": 0.06757728253055356,
					"y": 0.36241610738255037
				}
			],
			"rect": {
				"h": 0.08245445829338449,
				"int_h": 41,
				"int_w": 49,
				"int_x": 43,
				"int_y": 134,
				"w": 0.0747663551401869,
				"x": 0.06757728253055356,
				"y": 0.2799616490891659
			}
		},
		{
			"class_idx": 1,
			"name": "pin",
			"points": [
				{
					"int_x": 460,
					"int_y": 145,
					"x": 0.7181883537023723,
					"y": 0.3015340364333653
				},
				{
					"int_x": 485,
					"int_y": 145,
					"x": 0.7584471603163192,
					"y": 0.3015340364333653
				},
				{
					"int_x": 485,
					"int_y": 169,
					"x": 0.7584471603163192,
					"y": 0.3523489932885906
				},
				{
					"int_x": 460,
					"int_y": 169,
					"x": 0.7181883537023723,
					"y": 0.3523489932885906
				}
			],
			"rect": {
				"h": 0.0508149568552253,
				"int_h": 25,
				"int_w": 26,
				"int_x": 460,
				"int_y": 145,
				"w": 0.040258806613946874,
				"x": 0.7181883537023723,
				"y": 0.3015340364333653
			}
		},
		{
			"class_idx": 2,
			"name": "center",
			"points": [
				{
					"int_x": 530,
					"int_y": 134,
					"x": 0.8276562500000001,
					"y": 0.279375
				},
				{
					"int_x": 558,
					"int_y": 134,
					"x": 0.87171875,
					"y": 0.279375
				},
				{
					"int_x": 558,
					"int_y": 162,
					"x": 0.87171875,
					"y": 0.33645833333333336
				},
				{
					"int_x": 530,
					"int_y": 162,
					"x": 0.8276562500000001,
					"y": 0.33645833333333336
				}
			],
			"rect": {
				"h": 0.057083333333333375,
				"int_h": 29,
				"int_w": 29,
				"int_x": 530,
				"int_y": 134,
				"w": 0.04406249999999989,
				"x": 0.8276562500000001,
				"y": 0.279375
			}
		},
		{
			"class_idx": 3,
			"name": "small gear",
			"points": [
				{
					"int_x": 292,
					"int_y": 88,
					"x": 0.4568265682656827,
					"y": 0.18307086614173232
				},
				{
					"int_x": 430,
					"int_y": 88,
					"x": 0.6723247232472325,
					"y": 0.18307086614173232
				},
				{
					"int_x": 430,
					"int_y": 229,
					"x": 0.6723247232472325,
					"y": 0.47637795275590555
				},
				{
					"int_x": 292,
					"int_y": 229,
					"x": 0.4568265682656827,
					"y": 0.47637795275590555
				}
			],
			"rect": {
				"h": 0.29330708661417326,
				"int_h": 142,
				"int_w": 139,
				"int_x": 292,
				"int_y": 88,
				"w": 0.21549815498154978,
				"x": 0.4568265682656827,
				"y": 0.18307086614173232
			}
		},
		{
			"class_idx": 4,
			"name": "medium gear",
			"points": [
				{
					"int_x": 419,
					"int_y": 47,
					"x": 0.6542435424354244,
					"y": 0.09842519685039366
				},
				{
					"int_x": 636,
					"int_y": 47,
					"x": 0.9944649446494466,
					"y": 0.09842519685039366
				},
				{
					"int_x": 636,
					"int_y": 266,
					"x": 0.9944649446494466,
					"y": 0.5551181102362205
				},
				{
					"int_x": 419,
					"int_y": 266,
					"x": 0.6542435424354244,
					"y": 0.5551181102362205
				}
			],
			"rect": {
				"h": 0.45669291338582685,
				"int_h": 220,
				"int_w": 218,
				"int_x": 419,
				"int_y": 47,
				"w": 0.3402214022140222,
				"x": 0.6542435424354244,
				"y": 0.09842519685039366
			}
		}
	],
	"timestamp": 1714399365,
	"version": "1.8.26-1"
}
