{
	"completely_empty": false,
	"image": {
		"height": 480,
		"scale": 2.1166666666666667,
		"width": 640
	},
	"mark": [
		{
			"class_idx": 0,
			"name": "red light",
			"points": [
				{
					"int_x": 79,
					"int_y": 142,
					"x": 0.1228125,
					"y": 0.29625
				},
				{
					"int_x": 115,
					"int_y": 142,
					"x": 0.1790625,
					"y": 0.29625
				},
				{
					"int_x": 115,
					"int_y": 175,
					"x": 0.1790625,
					"y": 0.36375
				},
				{
					"int_x": 79,
					"int_y": 175,
					"x": 0.1228125,
					"y": 0.36375
				}
			],
			"rect": {
				"h": 0.0675,
				"int_h": 34,
				"int_w": 37,
				"int_x": 79,
				"int_y": 142,
				"w": 0.05625000000000001,
				"x": 0.1228125,
				"y": 0.29625
			}
		},
		{
			"class_idx": 2,
			"name": "center",
			"points": [
				{
					"int_x": 496,
					"int_y": 142,
					"x": 0.77515625,
					"y": 0.29541666666666666
				},
				{
					"int_x": 520,
					"int_y": 142,
					"x": 0.8123437499999999,
					"y": 0.29541666666666666
				},
				{
					"int_x": 520,
					"int_y": 164,
					"x": 0.8123437499999999,
					"y": 0.3420833333333333
				},
				{
					"int_x": 496,
					"int_y": 164,
					"x": 0.77515625,
					"y": 0.3420833333333333
				}
			],
			"rect": {
				"h": 0.046666666666666634,
				"int_h": 23,
				"int_w": 25,
				"int_x": 496,
				"int_y": 142,
				"w": 0.03718749999999993,
				"x": 0.77515625,
				"y": 0.29541666666666666
			}
		},
		{
			"class_idx": 1,
			"name": "pin",
			"points": [
				{
					"int_x": 551,
					"int_y": 162,
					"x": 0.86125,
					"y": 0.3383333333333333
				},
				{
					"int_x": 575,
					"int_y": 162,
					"x": 0.898125,
					"y": 0.3383333333333333
				},
				{
					"int_x": 575,
					"int_y": 185,
					"x": 0.898125,
					"y": 0.3858333333333333
				},
				{
					"int_x": 551,
					"int_y": 185,
					"x": 0.86125,
					"y": 0.3858333333333333
				}
			],
			"rect": {
				"h": 0.04749999999999999,
				"int_h": 24,
				"int_w": 25,
				"int_x": 551,
				"int_y": 162,
				"w": 0.03687499999999999,
				"x": 0.86125,
				"y": 0.3383333333333333
			}
		},
		{
			"class_idx": 3,
			"name": "small gear",
			"points": [
				{
					"int_x": 295,
					"int_y": 103,
					"x": 0.4608856088560886,
					"y": 0.2155511811023622
				},
				{
					"int_x": 414,
					"int_y": 103,
					"x": 0.6476014760147601,
					"y": 0.2155511811023622
				},
				{
					"int_x": 414,
					"int_y": 219,
					"x": 0.6476014760147601,
					"y": 0.45570866141732286
				},
				{
					"int_x": 295,
					"int_y": 219,
					"x": 0.4608856088560886,
					"y": 0.45570866141732286
				}
			],
			"rect": {
				"h": 0.24015748031496065,
				"int_h": 117,
				"int_w": 120,
				"int_x": 295,
				"int_y": 103,
				"w": 0.18671586715867156,
				"x": 0.4608856088560886,
				"y": 0.2155511811023622
			}
		},
		{
			"class_idx": 4,
			"name": "medium gear",
			"points": [
				{
					"int_x": 404,
					"int_y": 65,
					"x": 0.6306273062730627,
					"y": 0.13582677165354334
				},
				{
					"int_x": 592,
					"int_y": 65,
					"x": 0.9250922509225092,
					"y": 0.13582677165354334
				},
				{
					"int_x": 592,
					"int_y": 252,
					"x": 0.9250922509225092,
					"y": 0.5255905511811023
				},
				{
					"int_x": 404,
					"int_y": 252,
					"x": 0.6306273062730627,
					"y": 0.5255905511811023
				}
			],
			"rect": {
				"h": 0.389763779527559,
				"int_h": 188,
				"int_w": 189,
				"int_x": 404,
				"int_y": 65,
				"w": 0.2944649446494465,
				"x": 0.6306273062730627,
				"y": 0.13582677165354334
			}
		}
	],
	"timestamp": 1714399730,
	"version": "1.8.26-1"
}
