{
	"completely_empty": false,
	"image": {
		"height": 480,
		"scale": 2.1166666666666667,
		"width": 640
	},
	"mark": [
		{
			"class_idx": 0,
			"name": "red light",
			"points": [
				{
					"int_x": 26,
					"int_y": 138,
					"x": 0.04061826024442847,
					"y": 0.28763183125599234
				},
				{
					"int_x": 63,
					"int_y": 138,
					"x": 0.09884974838245866,
					"y": 0.28763183125599234
				},
				{
					"int_x": 63,
					"int_y": 172,
					"x": 0.09884974838245866,
					"y": 0.3585810162991371
				},
				{
					"int_x": 26,
					"int_y": 172,
					"x": 0.04061826024442847,
					"y": 0.3585810162991371
				}
			],
			"rect": {
				"h": 0.07094918504314474,
				"int_h": 35,
				"int_w": 38,
				"int_x": 26,
				"int_y": 138,
				"w": 0.058231488138030196,
				"x": 0.04061826024442847,
				"y": 0.28763183125599234
			}
		},
		{
			"class_idx": 2,
			"name": "center",
			"points": [
				{
					"int_x": 446,
					"int_y": 138,
					"x": 0.69703125,
					"y": 0.28729166666666667
				},
				{
					"int_x": 470,
					"int_y": 138,
					"x": 0.7342187499999999,
					"y": 0.28729166666666667
				},
				{
					"int_x": 470,
					"int_y": 162,
					"x": 0.7342187499999999,
					"y": 0.33770833333333333
				},
				{
					"int_x": 446,
					"int_y": 162,
					"x": 0.69703125,
					"y": 0.33770833333333333
				}
			],
			"rect": {
				"h": 0.050416666666666665,
				"int_h": 25,
				"int_w": 25,
				"int_x": 446,
				"int_y": 138,
				"w": 0.03718749999999993,
				"x": 0.69703125,
				"y": 0.28729166666666667
			}
		},
		{
			"class_idx": 1,
			"name": "pin",
			"points": [
				{
					"int_x": 501,
					"int_y": 160,
					"x": 0.7825,
					"y": 0.33416666666666667
				},
				{
					"int_x": 524,
					"int_y": 160,
					"x": 0.819375,
					"y": 0.33416666666666667
				},
				{
					"int_x": 524,
					"int_y": 182,
					"x": 0.819375,
					"y": 0.37999999999999995
				},
				{
					"int_x": 501,
					"int_y": 182,
					"x": 0.7825,
					"y": 0.37999999999999995
				}
			],
			"rect": {
				"h": 0.04583333333333328,
				"int_h": 23,
				"int_w": 24,
				"int_x": 501,
				"int_y": 160,
				"w": 0.03687499999999999,
				"x": 0.7825,
				"y": 0.33416666666666667
			}
		},
		{
			"class_idx": 3,
			"name": "small gear",
			"points": [
				{
					"int_x": 248,
					"int_y": 100,
					"x": 0.3881918819188192,
					"y": 0.20767716535433073
				},
				{
					"int_x": 366,
					"int_y": 100,
					"x": 0.5712177121771218,
					"y": 0.20767716535433073
				},
				{
					"int_x": 366,
					"int_y": 217,
					"x": 0.5712177121771218,
					"y": 0.4517716535433071
				},
				{
					"int_x": 248,
					"int_y": 217,
					"x": 0.3881918819188192,
					"y": 0.4517716535433071
				}
			],
			"rect": {
				"h": 0.2440944881889764,
				"int_h": 118,
				"int_w": 119,
				"int_x": 248,
				"int_y": 100,
				"w": 0.1830258302583026,
				"x": 0.3881918819188192,
				"y": 0.20767716535433073
			}
		},
		{
			"class_idx": 4,
			"name": "medium gear",
			"points": [
				{
					"int_x": 356,
					"int_y": 63,
					"x": 0.5568265682656827,
					"y": 0.13188976377952755
				},
				{
					"int_x": 543,
					"int_y": 63,
					"x": 0.848339483394834,
					"y": 0.13188976377952755
				},
				{
					"int_x": 543,
					"int_y": 249,
					"x": 0.848339483394834,
					"y": 0.5177165354330708
				},
				{
					"int_x": 356,
					"int_y": 249,
					"x": 0.5568265682656827,
					"y": 0.5177165354330708
				}
			],
			"rect": {
				"h": 0.3858267716535433,
				"int_h": 187,
				"int_w": 188,
				"int_x": 356,
				"int_y": 63,
				"w": 0.29151291512915134,
				"x": 0.5568265682656827,
				"y": 0.13188976377952755
			}
		}
	],
	"timestamp": 1714399711,
	"version": "1.8.26-1"
}
