{
	"completely_empty": false,
	"image": {
		"height": 480,
		"scale": 2.1166666666666667,
		"width": 640
	},
	"mark": [
		{
			"class_idx": 0,
			"name": "red light",
			"points": [
				{
					"int_x": 57,
					"int_y": 135,
					"x": 0.08859375,
					"y": 0.28020833333333334
				},
				{
					"int_x": 99,
					"int_y": 135,
					"x": 0.15515625,
					"y": 0.28020833333333334
				},
				{
					"int_x": 99,
					"int_y": 172,
					"x": 0.15515625,
					"y": 0.35812499999999997
				},
				{
					"int_x": 57,
					"int_y": 172,
					"x": 0.08859375,
					"y": 0.35812499999999997
				}
			],
			"rect": {
				"h": 0.07791666666666663,
				"int_h": 38,
				"int_w": 43,
				"int_x": 57,
				"int_y": 135,
				"w": 0.0665625,
				"x": 0.08859375,
				"y": 0.28020833333333334
			}
		},
		{
			"class_idx": 1,
			"name": "pin",
			"points": [
				{
					"int_x": 430,
					"int_y": 146,
					"x": 0.672178289000719,
					"y": 0.3044103547459252
				},
				{
					"int_x": 453,
					"int_y": 146,
					"x": 0.7081236520488857,
					"y": 0.3044103547459252
				},
				{
					"int_x": 453,
					"int_y": 169,
					"x": 0.7081236520488857,
					"y": 0.35139022051773733
				},
				{
					"int_x": 430,
					"int_y": 169,
					"x": 0.672178289000719,
					"y": 0.35139022051773733
				}
			],
			"rect": {
				"h": 0.046979865771812124,
				"int_h": 24,
				"int_w": 24,
				"int_x": 430,
				"int_y": 146,
				"w": 0.035945363048166756,
				"x": 0.672178289000719,
				"y": 0.3044103547459252
			}
		},
		{
			"class_idx": 2,
			"name": "center",
			"points": [
				{
					"int_x": 491,
					"int_y": 137,
					"x": 0.7670740474478792,
					"y": 0.28523489932885904
				},
				{
					"int_x": 517,
					"int_y": 137,
					"x": 0.8073328540618261,
					"y": 0.28523489932885904
				},
				{
					"int_x": 517,
					"int_y": 162,
					"x": 0.8073328540618261,
					"y": 0.337967401725791
				},
				{
					"int_x": 491,
					"int_y": 162,
					"x": 0.7670740474478792,
					"y": 0.337967401725791
				}
			],
			"rect": {
				"h": 0.052732502396931946,
				"int_h": 26,
				"int_w": 27,
				"int_x": 491,
				"int_y": 137,
				"w": 0.040258806613946874,
				"x": 0.7670740474478792,
				"y": 0.28523489932885904
			}
		},
		{
			"class_idx": 3,
			"name": "small gear",
			"points": [
				{
					"int_x": 280,
					"int_y": 95,
					"x": 0.4376383763837638,
					"y": 0.19783464566929138
				},
				{
					"int_x": 405,
					"int_y": 95,
					"x": 0.6324723247232472,
					"y": 0.19783464566929138
				},
				{
					"int_x": 405,
					"int_y": 221,
					"x": 0.6324723247232472,
					"y": 0.4596456692913386
				},
				{
					"int_x": 280,
					"int_y": 221,
					"x": 0.4376383763837638,
					"y": 0.4596456692913386
				}
			],
			"rect": {
				"h": 0.2618110236220472,
				"int_h": 127,
				"int_w": 126,
				"int_x": 280,
				"int_y": 95,
				"w": 0.19483394833948342,
				"x": 0.4376383763837638,
				"y": 0.19783464566929138
			}
		},
		{
			"class_idx": 4,
			"name": "medium gear",
			"points": [
				{
					"int_x": 394,
					"int_y": 59,
					"x": 0.6158671586715867,
					"y": 0.12253937007874013
				},
				{
					"int_x": 590,
					"int_y": 59,
					"x": 0.9221402214022141,
					"y": 0.12253937007874013
				},
				{
					"int_x": 590,
					"int_y": 254,
					"x": 0.9221402214022141,
					"y": 0.5290354330708661
				},
				{
					"int_x": 394,
					"int_y": 254,
					"x": 0.6158671586715867,
					"y": 0.5290354330708661
				}
			],
			"rect": {
				"h": 0.40649606299212593,
				"int_h": 196,
				"int_w": 197,
				"int_x": 394,
				"int_y": 59,
				"w": 0.3062730627306274,
				"x": 0.6158671586715867,
				"y": 0.12253937007874013
			}
		}
	],
	"timestamp": 1714399505,
	"version": "1.8.26-1"
}
