{
	"completely_empty": false,
	"image": {
		"height": 480,
		"scale": 2.1166666666666667,
		"width": 640
	},
	"mark": [
		{
			"class_idx": 1,
			"name": "pin",
			"points": [
				{
					"int_x": 429,
					"int_y": 127,
					"x": 0.67078125,
					"y": 0.26375000000000004
				},
				{
					"int_x": 453,
					"int_y": 127,
					"x": 0.70734375,
					"y": 0.26375000000000004
				},
				{
					"int_x": 453,
					"int_y": 149,
					"x": 0.70734375,
					"y": 0.3104166666666667
				},
				{
					"int_x": 429,
					"int_y": 149,
					"x": 0.67078125,
					"y": 0.3104166666666667
				}
			],
			"rect": {
				"h": 0.046666666666666634,
				"int_h": 23,
				"int_w": 25,
				"int_x": 429,
				"int_y": 127,
				"w": 0.03656250000000005,
				"x": 0.67078125,
				"y": 0.26375000000000004
			}
		},
		{
			"class_idx": 0,
			"name": "red light",
			"points": [
				{
					"int_x": 66,
					"int_y": 133,
					"x": 0.10280373831775702,
					"y": 0.27804410354745923
				},
				{
					"int_x": 107,
					"int_y": 133,
					"x": 0.16750539180445723,
					"y": 0.27804410354745923
				},
				{
					"int_x": 107,
					"int_y": 170,
					"x": 0.16750539180445723,
					"y": 0.3547459252157239
				},
				{
					"int_x": 66,
					"int_y": 170,
					"x": 0.10280373831775702,
					"y": 0.3547459252157239
				}
			],
			"rect": {
				"h": 0.07670182166826467,
				"int_h": 38,
				"int_w": 42,
				"int_x": 66,
				"int_y": 133,
				"w": 0.0647016534867002,
				"x": 0.10280373831775702,
				"y": 0.27804410354745923
			}
		},
		{
			"class_idx": 2,
			"name": "center",
			"points": [
				{
					"int_x": 491,
					"int_y": 133,
					"x": 0.7677929547088426,
					"y": 0.2770853307766059
				},
				{
					"int_x": 516,
					"int_y": 133,
					"x": 0.8066139468008627,
					"y": 0.2770853307766059
				},
				{
					"int_x": 516,
					"int_y": 159,
					"x": 0.8066139468008627,
					"y": 0.3307766059443912
				},
				{
					"int_x": 491,
					"int_y": 159,
					"x": 0.7677929547088426,
					"y": 0.3307766059443912
				}
			],
			"rect": {
				"h": 0.05369127516778527,
				"int_h": 27,
				"int_w": 26,
				"int_x": 491,
				"int_y": 133,
				"w": 0.03882099209202017,
				"x": 0.7677929547088426,
				"y": 0.2770853307766059
			}
		},
		{
			"class_idx": 3,
			"name": "small gear",
			"points": [
				{
					"int_x": 281,
					"int_y": 93,
					"x": 0.43874538745387454,
					"y": 0.19438976377952755
				},
				{
					"int_x": 403,
					"int_y": 93,
					"x": 0.629889298892989,
					"y": 0.19438976377952755
				},
				{
					"int_x": 403,
					"int_y": 219,
					"x": 0.629889298892989,
					"y": 0.4571850393700787
				},
				{
					"int_x": 281,
					"int_y": 219,
					"x": 0.43874538745387454,
					"y": 0.4571850393700787
				}
			],
			"rect": {
				"h": 0.26279527559055116,
				"int_h": 127,
				"int_w": 123,
				"int_x": 281,
				"int_y": 93,
				"w": 0.1911439114391144,
				"x": 0.43874538745387454,
				"y": 0.19438976377952755
			}
		},
		{
			"class_idx": 4,
			"name": "medium gear",
			"points": [
				{
					"int_x": 394,
					"int_y": 57,
					"x": 0.6162361623616236,
					"y": 0.11909448818897636
				},
				{
					"int_x": 591,
					"int_y": 57,
					"x": 0.9232472324723248,
					"y": 0.11909448818897636
				},
				{
					"int_x": 591,
					"int_y": 252,
					"x": 0.9232472324723248,
					"y": 0.5246062992125984
				},
				{
					"int_x": 394,
					"int_y": 252,
					"x": 0.6162361623616236,
					"y": 0.5246062992125984
				}
			],
			"rect": {
				"h": 0.405511811023622,
				"int_h": 196,
				"int_w": 198,
				"int_x": 394,
				"int_y": 57,
				"w": 0.30701107011070117,
				"x": 0.6162361623616236,
				"y": 0.11909448818897636
			}
		}
	],
	"timestamp": 1714399525,
	"version": "1.8.26-1"
}
