{
	"completely_empty": false,
	"image": {
		"height": 480,
		"scale": 2.1166666666666667,
		"width": 640
	},
	"mark": [
		{
			"class_idx": 0,
			"name": "red light",
			"points": [
				{
					"int_x": 6,
					"int_y": 133,
					"x": 0.009705248023005035,
					"y": 0.27612655800575264
				},
				{
					"int_x": 55,
					"int_y": 133,
					"x": 0.08519051042415529,
					"y": 0.27612655800575264
				},
				{
					"int_x": 55,
					"int_y": 176,
					"x": 0.08519051042415529,
					"y": 0.3662511984659636
				},
				{
					"int_x": 6,
					"int_y": 176,
					"x": 0.009705248023005035,
					"y": 0.3662511984659636
				}
			],
			"rect": {
				"h": 0.09012464046021096,
				"int_h": 44,
				"int_w": 50,
				"int_x": 6,
				"int_y": 133,
				"w": 0.07548526240115025,
				"x": 0.009705248023005035,
				"y": 0.27612655800575264
			}
		},
		{
			"class_idx": 1,
			"name": "pin",
			"points": [
				{
					"int_x": 422,
					"int_y": 147,
					"x": 0.6592187500000001,
					"y": 0.30562500000000004
				},
				{
					"int_x": 447,
					"int_y": 147,
					"x": 0.69765625,
					"y": 0.30562500000000004
				},
				{
					"int_x": 447,
					"int_y": 171,
					"x": 0.69765625,
					"y": 0.35520833333333335
				},
				{
					"int_x": 422,
					"int_y": 171,
					"x": 0.6592187500000001,
					"y": 0.35520833333333335
				}
			],
			"rect": {
				"h": 0.04958333333333331,
				"int_h": 25,
				"int_w": 26,
				"int_x": 422,
				"int_y": 147,
				"w": 0.0384374999999999,
				"x": 0.6592187500000001,
				"y": 0.30562500000000004
			}
		},
		{
			"class_idx": 2,
			"name": "center",
			"points": [
				{
					"int_x": 489,
					"int_y": 137,
					"x": 0.7646875,
					"y": 0.28541666666666665
				},
				{
					"int_x": 517,
					"int_y": 137,
					"x": 0.8071875,
					"y": 0.28541666666666665
				},
				{
					"int_x": 517,
					"int_y": 164,
					"x": 0.8071875,
					"y": 0.3420833333333333
				},
				{
					"int_x": 489,
					"int_y": 164,
					"x": 0.7646875,
					"y": 0.3420833333333333
				}
			],
			"rect": {
				"h": 0.05666666666666664,
				"int_h": 28,
				"int_w": 29,
				"int_x": 489,
				"int_y": 137,
				"w": 0.04249999999999998,
				"x": 0.7646875,
				"y": 0.28541666666666665
			}
		},
		{
			"class_idx": 3,
			"name": "small gear",
			"points": [
				{
					"int_x": 257,
					"int_y": 91,
					"x": 0.4022140221402214,
					"y": 0.18996062992125987
				},
				{
					"int_x": 393,
					"int_y": 91,
					"x": 0.614760147601476,
					"y": 0.18996062992125987
				},
				{
					"int_x": 393,
					"int_y": 229,
					"x": 0.614760147601476,
					"y": 0.4773622047244095
				},
				{
					"int_x": 257,
					"int_y": 229,
					"x": 0.4022140221402214,
					"y": 0.4773622047244095
				}
			],
			"rect": {
				"h": 0.28740157480314965,
				"int_h": 139,
				"int_w": 137,
				"int_x": 257,
				"int_y": 91,
				"w": 0.21254612546125462,
				"x": 0.4022140221402214,
				"y": 0.18996062992125987
			}
		},
		{
			"class_idx": 4,
			"name": "medium gear",
			"points": [
				{
					"int_x": 385,
					"int_y": 51,
					"x": 0.6011070110701107,
					"y": 0.1067913385826772
				},
				{
					"int_x": 593,
					"int_y": 51,
					"x": 0.9265682656826568,
					"y": 0.1067913385826772
				},
				{
					"int_x": 593,
					"int_y": 264,
					"x": 0.9265682656826568,
					"y": 0.5506889763779528
				},
				{
					"int_x": 385,
					"int_y": 264,
					"x": 0.6011070110701107,
					"y": 0.5506889763779528
				}
			],
			"rect": {
				"h": 0.4438976377952756,
				"int_h": 214,
				"int_w": 209,
				"int_x": 385,
				"int_y": 51,
				"w": 0.32546125461254616,
				"x": 0.6011070110701107,
				"y": 0.1067913385826772
			}
		}
	],
	"timestamp": 1714399412,
	"version": "1.8.26-1"
}
