{
	"completely_empty": false,
	"image": {
		"height": 480,
		"scale": 2.1166666666666667,
		"width": 640
	},
	"mark": [
		{
			"class_idx": 0,
			"name": "red light",
			"points": [
				{
					"int_x": 69,
					"int_y": 136,
					"x": 0.10734374999999999,
					"y": 0.28291666666666665
				},
				{
					"int_x": 109,
					"int_y": 136,
					"x": 0.16953125,
					"y": 0.28291666666666665
				},
				{
					"int_x": 109,
					"int_y": 171,
					"x": 0.16953125,
					"y": 0.35625
				},
				{
					"int_x": 69,
					"int_y": 171,
					"x": 0.10734374999999999,
					"y": 0.35625
				}
			],
			"rect": {
				"h": 0.07333333333333336,
				"int_h": 36,
				"int_w": 41,
				"int_x": 69,
				"int_y": 136,
				"w": 0.06218750000000001,
				"x": 0.10734374999999999,
				"y": 0.28291666666666665
			}
		},
		{
			"class_idx": 2,
			"name": "center",
			"points": [
				{
					"int_x": 495,
					"int_y": 135,
					"x": 0.7739036664270309,
					"y": 0.28139980824544586
				},
				{
					"int_x": 522,
					"int_y": 135,
					"x": 0.814881380301941,
					"y": 0.28139980824544586
				},
				{
					"int_x": 522,
					"int_y": 159,
					"x": 0.814881380301941,
					"y": 0.33221476510067116
				},
				{
					"int_x": 495,
					"int_y": 159,
					"x": 0.7739036664270309,
					"y": 0.33221476510067116
				}
			],
			"rect": {
				"h": 0.0508149568552253,
				"int_h": 25,
				"int_w": 28,
				"int_x": 495,
				"int_y": 135,
				"w": 0.040977713874910116,
				"x": 0.7739036664270309,
				"y": 0.28139980824544586
			}
		},
		{
			"class_idx": 1,
			"name": "pin",
			"points": [
				{
					"int_x": 527,
					"int_y": 193,
					"x": 0.82265625,
					"y": 0.40145833333333336
				},
				{
					"int_x": 551,
					"int_y": 193,
					"x": 0.86046875,
					"y": 0.40145833333333336
				},
				{
					"int_x": 551,
					"int_y": 214,
					"x": 0.86046875,
					"y": 0.44604166666666667
				},
				{
					"int_x": 527,
					"int_y": 214,
					"x": 0.82265625,
					"y": 0.44604166666666667
				}
			],
			"rect": {
				"h": 0.04458333333333331,
				"int_h": 22,
				"int_w": 25,
				"int_x": 527,
				"int_y": 193,
				"w": 0.03781250000000003,
				"x": 0.82265625,
				"y": 0.40145833333333336
			}
		},
		{
			"class_idx": 3,
			"name": "small gear",
			"points": [
				{
					"int_x": 287,
					"int_y": 95,
					"x": 0.4479704797047971,
					"y": 0.1983267716535433
				},
				{
					"int_x": 401,
					"int_y": 95,
					"x": 0.6265682656826569,
					"y": 0.1983267716535433
				},
				{
					"int_x": 401,
					"int_y": 217,
					"x": 0.6265682656826569,
					"y": 0.4512795275590551
				},
				{
					"int_x": 287,
					"int_y": 217,
					"x": 0.4479704797047971,
					"y": 0.4512795275590551
				}
			],
			"rect": {
				"h": 0.2529527559055118,
				"int_h": 123,
				"int_w": 115,
				"int_x": 287,
				"int_y": 95,
				"w": 0.1785977859778598,
				"x": 0.4479704797047971,
				"y": 0.1983267716535433
			}
		},
		{
			"class_idx": 4,
			"name": "medium gear",
			"points": [
				{
					"int_x": 398,
					"int_y": 55,
					"x": 0.6225092250922509,
					"y": 0.11417322834645668
				},
				{
					"int_x": 595,
					"int_y": 55,
					"x": 0.9302583025830259,
					"y": 0.11417322834645668
				},
				{
					"int_x": 595,
					"int_y": 251,
					"x": 0.9302583025830259,
					"y": 0.5236220472440944
				},
				{
					"int_x": 398,
					"int_y": 251,
					"x": 0.6225092250922509,
					"y": 0.5236220472440944
				}
			],
			"rect": {
				"h": 0.40944881889763773,
				"int_h": 197,
				"int_w": 198,
				"int_x": 398,
				"int_y": 55,
				"w": 0.30774907749077496,
				"x": 0.6225092250922509,
				"y": 0.11417322834645668
			}
		}
	],
	"timestamp": 1714399592,
	"version": "1.8.26-1"
}
