{
	"completely_empty": false,
	"image": {
		"height": 480,
		"scale": 2.1166666666666667,
		"width": 640
	},
	"mark": [
		{
			"class_idx": 0,
			"name": "red light",
			"points": [
				{
					"int_x": 42,
					"int_y": 133,
					"x": 0.06613946800862688,
					"y": 0.27804410354745923
				},
				{
					"int_x": 89,
					"int_y": 133,
					"x": 0.13946800862688713,
					"y": 0.27804410354745923
				},
				{
					"int_x": 89,
					"int_y": 173,
					"x": 0.13946800862688713,
					"y": 0.3604985618408437
				},
				{
					"int_x": 42,
					"int_y": 173,
					"x": 0.06613946800862688,
					"y": 0.3604985618408437
				}
			],
			"rect": {
				"h": 0.08245445829338449,
				"int_h": 41,
				"int_w": 48,
				"int_x": 42,
				"int_y": 133,
				"w": 0.07332854061826025,
				"x": 0.06613946800862688,
				"y": 0.27804410354745923
			}
		},
		{
			"class_idx": 1,
			"name": "pin",
			"points": [
				{
					"int_x": 460,
					"int_y": 142,
					"x": 0.7185478073328541,
					"y": 0.29674017257909874
				},
				{
					"int_x": 486,
					"int_y": 142,
					"x": 0.7595255212077642,
					"y": 0.29674017257909874
				},
				{
					"int_x": 486,
					"int_y": 168,
					"x": 0.7595255212077642,
					"y": 0.3494726749760307
				},
				{
					"int_x": 460,
					"int_y": 168,
					"x": 0.7185478073328541,
					"y": 0.3494726749760307
				}
			],
			"rect": {
				"h": 0.052732502396931946,
				"int_h": 27,
				"int_w": 27,
				"int_x": 460,
				"int_y": 142,
				"w": 0.040977713874910116,
				"x": 0.7185478073328541,
				"y": 0.29674017257909874
			}
		},
		{
			"class_idx": 2,
			"name": "center",
			"points": [
				{
					"int_x": 530,
					"int_y": 133,
					"x": 0.82796875,
					"y": 0.27645833333333336
				},
				{
					"int_x": 558,
					"int_y": 133,
					"x": 0.87140625,
					"y": 0.27645833333333336
				},
				{
					"int_x": 558,
					"int_y": 161,
					"x": 0.87140625,
					"y": 0.33520833333333333
				},
				{
					"int_x": 530,
					"int_y": 161,
					"x": 0.82796875,
					"y": 0.33520833333333333
				}
			],
			"rect": {
				"h": 0.05874999999999997,
				"int_h": 29,
				"int_w": 29,
				"int_x": 530,
				"int_y": 133,
				"w": 0.04343750000000002,
				"x": 0.82796875,
				"y": 0.27645833333333336
			}
		},
		{
			"class_idx": 3,
			"name": "small gear",
			"points": [
				{
					"int_x": 292,
					"int_y": 88,
					"x": 0.4564575645756458,
					"y": 0.18405511811023625
				},
				{
					"int_x": 431,
					"int_y": 88,
					"x": 0.6726937269372694,
					"y": 0.18405511811023625
				},
				{
					"int_x": 431,
					"int_y": 227,
					"x": 0.6726937269372694,
					"y": 0.47342519685039375
				},
				{
					"int_x": 292,
					"int_y": 227,
					"x": 0.4564575645756458,
					"y": 0.47342519685039375
				}
			],
			"rect": {
				"h": 0.2893700787401575,
				"int_h": 140,
				"int_w": 140,
				"int_x": 292,
				"int_y": 88,
				"w": 0.21623616236162357,
				"x": 0.4564575645756458,
				"y": 0.18405511811023625
			}
		},
		{
			"class_idx": 4,
			"name": "medium gear",
			"points": [
				{
					"int_x": 418,
					"int_y": 45,
					"x": 0.6538745387453875,
					"y": 0.09448818897637792
				},
				{
					"int_x": 639,
					"int_y": 45,
					"x": 0.9977859778597786,
					"y": 0.09448818897637792
				},
				{
					"int_x": 639,
					"int_y": 265,
					"x": 0.9977859778597786,
					"y": 0.5511811023622047
				},
				{
					"int_x": 418,
					"int_y": 265,
					"x": 0.6538745387453875,
					"y": 0.5511811023622047
				}
			],
			"rect": {
				"h": 0.45669291338582685,
				"int_h": 221,
				"int_w": 222,
				"int_x": 418,
				"int_y": 45,
				"w": 0.34391143911439115,
				"x": 0.6538745387453875,
				"y": 0.09448818897637792
			}
		}
	],
	"timestamp": 1714399336,
	"version": "1.8.26-1"
}
