{
	"completely_empty": false,
	"image": {
		"height": 480,
		"scale": 2.1166666666666667,
		"width": 640
	},
	"mark": [
		{
			"class_idx": 0,
			"name": "red light",
			"points": [
				{
					"int_x": 21,
					"int_y": 119,
					"x": 0.03296875,
					"y": 0.248125
				},
				{
					"int_x": 67,
					"int_y": 119,
					"x": 0.10515625,
					"y": 0.248125
				},
				{
					"int_x": 67,
					"int_y": 161,
					"x": 0.10515625,
					"y": 0.334375
				},
				{
					"int_x": 21,
					"int_y": 161,
					"x": 0.03296875,
					"y": 0.334375
				}
			],
			"rect": {
				"h": 0.08624999999999997,
				"int_h": 43,
				"int_w": 47,
				"int_x": 21,
				"int_y": 119,
				"w": 0.07218750000000002,
				"x": 0.03296875,
				"y": 0.248125
			}
		},
		{
			"class_idx": 2,
			"name": "center",
			"points": [
				{
					"int_x": 532,
					"int_y": 123,
					"x": 0.83078125,
					"y": 0.2558333333333333
				},
				{
					"int_x": 559,
					"int_y": 123,
					"x": 0.8729687500000001,
					"y": 0.2558333333333333
				},
				{
					"int_x": 559,
					"int_y": 149,
					"x": 0.8729687500000001,
					"y": 0.31083333333333335
				},
				{
					"int_x": 532,
					"int_y": 149,
					"x": 0.83078125,
					"y": 0.31083333333333335
				}
			],
			"rect": {
				"h": 0.05500000000000005,
				"int_h": 27,
				"int_w": 28,
				"int_x": 532,
				"int_y": 123,
				"w": 0.042187500000000044,
				"x": 0.83078125,
				"y": 0.2558333333333333
			}
		},
		{
			"class_idx": 1,
			"name": "pin",
			"points": [
				{
					"int_x": 597,
					"int_y": 146,
					"x": 0.9335010783608915,
					"y": 0.3044103547459252
				},
				{
					"int_x": 626,
					"int_y": 146,
					"x": 0.977354421279655,
					"y": 0.3044103547459252
				},
				{
					"int_x": 626,
					"int_y": 175,
					"x": 0.977354421279655,
					"y": 0.3648130393096836
				},
				{
					"int_x": 597,
					"int_y": 175,
					"x": 0.9335010783608915,
					"y": 0.3648130393096836
				}
			],
			"rect": {
				"h": 0.06040268456375841,
				"int_h": 30,
				"int_w": 30,
				"int_x": 597,
				"int_y": 146,
				"w": 0.04385334291876353,
				"x": 0.9335010783608915,
				"y": 0.3044103547459252
			}
		},
		{
			"class_idx": 3,
			"name": "small gear",
			"points": [
				{
					"int_x": 287,
					"int_y": 74,
					"x": 0.4483394833948339,
					"y": 0.1550196850393701
				},
				{
					"int_x": 430,
					"int_y": 74,
					"x": 0.6719557195571956,
					"y": 0.1550196850393701
				},
				{
					"int_x": 430,
					"int_y": 216,
					"x": 0.6719557195571956,
					"y": 0.4493110236220472
				},
				{
					"int_x": 287,
					"int_y": 216,
					"x": 0.4483394833948339,
					"y": 0.4493110236220472
				}
			],
			"rect": {
				"h": 0.2942913385826771,
				"int_h": 143,
				"int_w": 144,
				"int_x": 287,
				"int_y": 74,
				"w": 0.22361623616236165,
				"x": 0.4483394833948339,
				"y": 0.1550196850393701
			}
		},
		{
			"class_idx": 4,
			"name": "medium gear",
			"points": [
				{
					"int_x": 419,
					"int_y": 32,
					"x": 0.654981549815498,
					"y": 0.06692913385826774
				},
				{
					"int_x": 640,
					"int_y": 32,
					"x": 1.0,
					"y": 0.06692913385826774
				},
				{
					"int_x": 640,
					"int_y": 257,
					"x": 1.0,
					"y": 0.5354330708661418
				},
				{
					"int_x": 419,
					"int_y": 257,
					"x": 0.654981549815498,
					"y": 0.5354330708661418
				}
			],
			"rect": {
				"h": 0.46850393700787407,
				"int_h": 226,
				"int_w": 221,
				"int_x": 419,
				"int_y": 32,
				"w": 0.34501845018450195,
				"x": 0.654981549815498,
				"y": 0.06692913385826774
			}
		}
	],
	"timestamp": 1714399668,
	"version": "1.8.26-1"
}
