{
	"completely_empty": false,
	"image": {
		"height": 480,
		"scale": 2.1166666666666667,
		"width": 640
	},
	"mark": [
		{
			"class_idx": 0,
			"name": "red light",
			"points": [
				{
					"int_x": 35,
					"int_y": 135,
					"x": 0.055,
					"y": 0.28020833333333334
				},
				{
					"int_x": 82,
					"int_y": 135,
					"x": 0.12875,
					"y": 0.28020833333333334
				},
				{
					"int_x": 82,
					"int_y": 174,
					"x": 0.12875,
					"y": 0.3622916666666666
				},
				{
					"int_x": 35,
					"int_y": 174,
					"x": 0.055,
					"y": 0.3622916666666666
				}
			],
			"rect": {
				"h": 0.08208333333333329,
				"int_h": 40,
				"int_w": 48,
				"int_x": 35,
				"int_y": 135,
				"w": 0.07375000000000001,
				"x": 0.055,
				"y": 0.28020833333333334
			}
		},
		{
			"class_idx": 1,
			"name": "pin",
			"points": [
				{
					"int_x": 439,
					"int_y": 147,
					"x": 0.68515625,
					"y": 0.305625
				},
				{
					"int_x": 462,
					"int_y": 147,
					"x": 0.7217187500000001,
					"y": 0.305625
				},
				{
					"int_x": 462,
					"int_y": 171,
					"x": 0.7217187500000001,
					"y": 0.35604166666666665
				},
				{
					"int_x": 439,
					"int_y": 171,
					"x": 0.68515625,
					"y": 0.35604166666666665
				}
			],
			"rect": {
				"h": 0.050416666666666665,
				"int_h": 25,
				"int_w": 24,
				"int_x": 439,
				"int_y": 147,
				"w": 0.03656250000000005,
				"x": 0.68515625,
				"y": 0.305625
			}
		},
		{
			"class_idx": 2,
			"name": "center",
			"points": [
				{
					"int_x": 505,
					"int_y": 137,
					"x": 0.7884375,
					"y": 0.28479166666666667
				},
				{
					"int_x": 531,
					"int_y": 137,
					"x": 0.8290624999999999,
					"y": 0.28479166666666667
				},
				{
					"int_x": 531,
					"int_y": 163,
					"x": 0.8290624999999999,
					"y": 0.34020833333333333
				},
				{
					"int_x": 505,
					"int_y": 163,
					"x": 0.7884375,
					"y": 0.34020833333333333
				}
			],
			"rect": {
				"h": 0.05541666666666667,
				"int_h": 27,
				"int_w": 27,
				"int_x": 505,
				"int_y": 137,
				"w": 0.04062499999999991,
				"x": 0.7884375,
				"y": 0.28479166666666667
			}
		},
		{
			"class_idx": 3,
			"name": "small gear",
			"points": [
				{
					"int_x": 276,
					"int_y": 92,
					"x": 0.43062730627306267,
					"y": 0.19143700787401577
				},
				{
					"int_x": 411,
					"int_y": 92,
					"x": 0.6424354243542435,
					"y": 0.19143700787401577
				},
				{
					"int_x": 411,
					"int_y": 226,
					"x": 0.6424354243542435,
					"y": 0.46998031496063
				},
				{
					"int_x": 276,
					"int_y": 226,
					"x": 0.43062730627306267,
					"y": 0.46998031496063
				}
			],
			"rect": {
				"h": 0.27854330708661423,
				"int_h": 135,
				"int_w": 136,
				"int_x": 276,
				"int_y": 92,
				"w": 0.21180811808118083,
				"x": 0.43062730627306267,
				"y": 0.19143700787401577
			}
		},
		{
			"class_idx": 4,
			"name": "medium gear",
			"points": [
				{
					"int_x": 400,
					"int_y": 53,
					"x": 0.6247232472324723,
					"y": 0.1112204724409449
				},
				{
					"int_x": 608,
					"int_y": 53,
					"x": 0.9501845018450185,
					"y": 0.1112204724409449
				},
				{
					"int_x": 608,
					"int_y": 262,
					"x": 0.9501845018450185,
					"y": 0.5462598425196851
				},
				{
					"int_x": 400,
					"int_y": 262,
					"x": 0.6247232472324723,
					"y": 0.5462598425196851
				}
			],
			"rect": {
				"h": 0.43503937007874016,
				"int_h": 210,
				"int_w": 209,
				"int_x": 400,
				"int_y": 53,
				"w": 0.32546125461254616,
				"x": 0.6247232472324723,
				"y": 0.1112204724409449
			}
		}
	],
	"timestamp": 1714399484,
	"version": "1.8.26-1"
}
